[Licensing::Module] Trying to connect to existing licensing client channel...
[Licensing::IpcConnector] Successfully connected to: "LicenseClient-zlj10" at "2026-09-24T19:53:16.4610473Z"
[Licensing::Client] Code 10 while verifying Licensing Client signature (process Id: 21500, path: "C:/Program Files/WindowsApps/UnityTechnologies.UnityHub_3.21.3.65535_x64__2vrhnee42bhxm/app/UnityLicensingClient_V1/Unity.Licensing.Client.exe")
[Licensing::Module] LicensingClient has failed validation; ignoring
[Licensing::Client] Handshaking with LicensingClient:
  Version:                 1.18.3+d7ffd15
  Session Id:              bc1334dcae5145dd861fa44259edcaab
  Correlation Id:          061ae41d0b8b80dac791362d815272c2
  External correlation Id: 7725736378327468382
  Machine Id:              7gJxhz8ICutasP4quVJ9EJ3nvB4=
[Licensing::Module] Successfully connected to LicensingClient on channel: "LicenseClient-zlj10" (connect: 0.00s, validation: 0.01s, handshake: 0.03s)
[Licensing::IpcConnector] Successfully connected to: "LicenseClient-zlj10-notifications" at "2026-09-24T19:53:16.504668Z"
[Licensing::Module] Error: Access token is unavailable; failed to update
[Licensing::Client] Successfully updated license
Built from '2022.3/china_unity/release' branch; Version is '2022.3.57f1c2 (32588f90613b) revision 3299471'; Using compiler version '192829333'; Build Type 'Release'
OS: 'Windows 11  (10.0.26200) 64bit CoreCountrySpecific' Language: 'zh' Physical Memory: 32371 MB
[Licensing::Client] Successfully resolved entitlement details
[Licensing::Module] Serial number assigned to: "ewogICJzdWJzR3JvdXAiIDogInVuaXR5IGVkaXRvciIsCiAgIm5hbWVzcGFjZSIgOiAidW5pdHlfZWRpdG9yIiwKICAidHlwZSIgOiAiRURJVE9SIiwKICAidGFnIiA6ICJVbml0eVBlcnNvbmFsXXXX"
BatchMode: 0, IsHumanControllingUs: 1, StartBugReporterOnCrash: 1, Is64bit: 1, IsPro: 0
[Licensing::Client] Successfully resolved entitlement details

COMMAND LINE ARGUMENTS:
C:\Program Files\Unity\2022.3.57f1\Editor\Unity.exe
-projectPath
D:/zlj_world/VoxelCraft
-openfile
Assets/Scenes/Main.unity
-logFile
D:/zlj_world/unity-open.log
Successfully changed project path to: D:/zlj_world/VoxelCraft
D:/zlj_world/VoxelCraft
[UnityMemory] Configuration Parameters - Can be set up in boot.config
    "memorysetup-bucket-allocator-granularity=16"
    "memorysetup-bucket-allocator-bucket-count=8"
    "memorysetup-bucket-allocator-block-size=33554432"
    "memorysetup-bucket-allocator-block-count=8"
    "memorysetup-main-allocator-block-size=16777216"
    "memorysetup-thread-allocator-block-size=16777216"
    "memorysetup-gfx-main-allocator-block-size=16777216"
    "memorysetup-gfx-thread-allocator-block-size=16777216"
    "memorysetup-cache-allocator-block-size=4194304"
    "memorysetup-typetree-allocator-block-size=2097152"
    "memorysetup-profiler-bucket-allocator-granularity=16"
    "memorysetup-profiler-bucket-allocator-bucket-count=8"
    "memorysetup-profiler-bucket-allocator-block-size=33554432"
    "memorysetup-profiler-bucket-allocator-block-count=8"
    "memorysetup-profiler-allocator-block-size=16777216"
    "memorysetup-profiler-editor-allocator-block-size=1048576"
    "memorysetup-temp-allocator-size-main=16777216"
    "memorysetup-job-temp-allocator-block-size=2097152"
    "memorysetup-job-temp-allocator-block-size-background=1048576"
    "memorysetup-job-temp-allocator-reduction-small-platforms=262144"
    "memorysetup-allocator-temp-initial-block-size-main=262144"
    "memorysetup-allocator-temp-initial-block-size-worker=262144"
    "memorysetup-temp-allocator-size-background-worker=32768"
    "memorysetup-temp-allocator-size-job-worker=262144"
    "memorysetup-temp-allocator-size-preload-manager=33554432"
    "memorysetup-temp-allocator-size-nav-mesh-worker=65536"
    "memorysetup-temp-allocator-size-audio-worker=65536"
    "memorysetup-temp-allocator-size-cloud-worker=32768"
    "memorysetup-temp-allocator-size-gi-baking-worker=262144"
    "memorysetup-temp-allocator-size-gfx=262144"
Player connection [2092]  Target information:

Player connection [2092]  * "[IP] 192.168.10.102 [Port] 55504 [Flags] 2 [Guid] 1369119157 [EditorId] 1369119157 [Version] 1048832 [Id] WindowsEditor(7,JJHOME) [Debug] 1 [PackageName] WindowsEditor [ProjectName] Editor" 

Player connection [2092] Host joined multi-casting on [225.0.0.222:54997]...
Player connection [2092] Host joined alternative multi-casting on [225.0.0.222:34997]...
Input System module state changed to: Initialized.
[PhysX] Initialized MultithreadedTaskDispatcher with 8 workers.
[Package Manager] UpmClient::Connect -- Connected to IPC stream "Upm-13524" after 0.4 seconds.
[Package Manager] Restoring resolved packages state from cache
[Licensing::Client] Successfully resolved entitlement details
[Package Manager] Registered 51 packages:
  Packages from [https://packages.unity.cn]:
    com.unity.ads@4.4.2 (location: D:\zlj_world\VoxelCraft\Library\PackageCache\com.unity.ads@4.4.2)
    com.unity.ai.navigation@1.1.5 (location: D:\zlj_world\VoxelCraft\Library\PackageCache\com.unity.ai.navigation@1.1.5)
    com.unity.analytics@3.8.1 (location: D:\zlj_world\VoxelCraft\Library\PackageCache\com.unity.analytics@3.8.1)
    com.unity.collab-proxy@2.6.0 (location: D:\zlj_world\VoxelCraft\Library\PackageCache\com.unity.collab-proxy@2.6.0)
    com.unity.ide.rider@3.0.34 (location: D:\zlj_world\VoxelCraft\Library\PackageCache\com.unity.ide.rider@3.0.34)
    com.unity.ide.visualstudio@2.0.22 (location: D:\zlj_world\VoxelCraft\Library\PackageCache\com.unity.ide.visualstudio@2.0.22)
    com.unity.ide.vscode@1.2.5 (location: D:\zlj_world\VoxelCraft\Library\PackageCache\com.unity.ide.vscode@1.2.5)
    com.unity.purchasing@4.11.0 (location: D:\zlj_world\VoxelCraft\Library\PackageCache\com.unity.purchasing@4.11.0)
    com.unity.test-framework@1.1.33 (location: D:\zlj_world\VoxelCraft\Library\PackageCache\com.unity.test-framework@1.1.33)
    com.unity.textmeshpro@3.0.7 (location: D:\zlj_world\VoxelCraft\Library\PackageCache\com.unity.textmeshpro@3.0.7)
    com.unity.timeline@1.7.6 (location: D:\zlj_world\VoxelCraft\Library\PackageCache\com.unity.timeline@1.7.6)
    com.unity.xr.legacyinputhelpers@2.1.11 (location: D:\zlj_world\VoxelCraft\Library\PackageCache\com.unity.xr.legacyinputhelpers@2.1.11)
    com.unity.ext.nunit@1.0.6 (location: D:\zlj_world\VoxelCraft\Library\PackageCache\com.unity.ext.nunit@1.0.6)
    com.unity.services.core@1.14.0 (location: D:\zlj_world\VoxelCraft\Library\PackageCache\com.unity.services.core@1.14.0)
    com.unity.services.analytics@6.0.2 (location: D:\zlj_world\VoxelCraft\Library\PackageCache\com.unity.services.analytics@6.0.2)
    com.unity.nuget.newtonsoft-json@3.2.1 (location: D:\zlj_world\VoxelCraft\Library\PackageCache\com.unity.nuget.newtonsoft-json@3.2.1)
  Built-in packages:
    com.unity.2d.sprite@1.0.0 (location: D:\zlj_world\VoxelCraft\Library\PackageCache\com.unity.2d.sprite@1.0.0)
    com.unity.2d.tilemap@1.0.0 (location: D:\zlj_world\VoxelCraft\Library\PackageCache\com.unity.2d.tilemap@1.0.0)
    com.unity.ugui@1.0.0 (location: D:\zlj_world\VoxelCraft\Library\PackageCache\com.unity.ugui@1.0.0)
    com.unity.modules.ai@1.0.0 (location: D:\zlj_world\VoxelCraft\Library\PackageCache\com.unity.modules.ai@1.0.0)
    com.unity.modules.androidjni@1.0.0 (location: D:\zlj_world\VoxelCraft\Library\PackageCache\com.unity.modules.androidjni@1.0.0)
    com.unity.modules.animation@1.0.0 (location: D:\zlj_world\VoxelCraft\Library\PackageCache\com.unity.modules.animation@1.0.0)
    com.unity.modules.assetbundle@1.0.0 (location: D:\zlj_world\VoxelCraft\Library\PackageCache\com.unity.modules.assetbundle@1.0.0)
    com.unity.modules.audio@1.0.0 (location: D:\zlj_world\VoxelCraft\Library\PackageCache\com.unity.modules.audio@1.0.0)
    com.unity.modules.cloth@1.0.0 (location: D:\zlj_world\VoxelCraft\Library\PackageCache\com.unity.modules.cloth@1.0.0)
    com.unity.modules.director@1.0.0 (location: D:\zlj_world\VoxelCraft\Library\PackageCache\com.unity.modules.director@1.0.0)
    com.unity.modules.imageconversion@1.0.0 (location: D:\zlj_world\VoxelCraft\Library\PackageCache\com.unity.modules.imageconversion@1.0.0)
    com.unity.modules.imgui@1.0.0 (location: D:\zlj_world\VoxelCraft\Library\PackageCache\com.unity.modules.imgui@1.0.0)
    com.unity.modules.jsonserialize@1.0.0 (location: D:\zlj_world\VoxelCraft\Library\PackageCache\com.unity.modules.jsonserialize@1.0.0)
    com.unity.modules.particlesystem@1.0.0 (location: D:\zlj_world\VoxelCraft\Library\PackageCache\com.unity.modules.particlesystem@1.0.0)
    com.unity.modules.physics@1.0.0 (location: D:\zlj_world\VoxelCraft\Library\PackageCache\com.unity.modules.physics@1.0.0)
    com.unity.modules.physics2d@1.0.0 (location: D:\zlj_world\VoxelCraft\Library\PackageCache\com.unity.modules.physics2d@1.0.0)
    com.unity.modules.screencapture@1.0.0 (location: D:\zlj_world\VoxelCraft\Library\PackageCache\com.unity.modules.screencapture@1.0.0)
    com.unity.modules.terrain@1.0.0 (location: D:\zlj_world\VoxelCraft\Library\PackageCache\com.unity.modules.terrain@1.0.0)
    com.unity.modules.terrainphysics@1.0.0 (location: D:\zlj_world\VoxelCraft\Library\PackageCache\com.unity.modules.terrainphysics@1.0.0)
    com.unity.modules.tilemap@1.0.0 (location: D:\zlj_world\VoxelCraft\Library\PackageCache\com.unity.modules.tilemap@1.0.0)
    com.unity.modules.ui@1.0.0 (location: D:\zlj_world\VoxelCraft\Library\PackageCache\com.unity.modules.ui@1.0.0)
    com.unity.modules.uielements@1.0.0 (location: D:\zlj_world\VoxelCraft\Library\PackageCache\com.unity.modules.uielements@1.0.0)
    com.unity.modules.umbra@1.0.0 (location: D:\zlj_world\VoxelCraft\Library\PackageCache\com.unity.modules.umbra@1.0.0)
    com.unity.modules.unityanalytics@1.0.0 (location: D:\zlj_world\VoxelCraft\Library\PackageCache\com.unity.modules.unityanalytics@1.0.0)
    com.unity.modules.unitywebrequest@1.0.0 (location: D:\zlj_world\VoxelCraft\Library\PackageCache\com.unity.modules.unitywebrequest@1.0.0)
    com.unity.modules.unitywebrequestassetbundle@1.0.0 (location: D:\zlj_world\VoxelCraft\Library\PackageCache\com.unity.modules.unitywebrequestassetbundle@1.0.0)
    com.unity.modules.unitywebrequestaudio@1.0.0 (location: D:\zlj_world\VoxelCraft\Library\PackageCache\com.unity.modules.unitywebrequestaudio@1.0.0)
    com.unity.modules.unitywebrequesttexture@1.0.0 (location: D:\zlj_world\VoxelCraft\Library\PackageCache\com.unity.modules.unitywebrequesttexture@1.0.0)
    com.unity.modules.unitywebrequestwww@1.0.0 (location: D:\zlj_world\VoxelCraft\Library\PackageCache\com.unity.modules.unitywebrequestwww@1.0.0)
    com.unity.modules.vehicles@1.0.0 (location: D:\zlj_world\VoxelCraft\Library\PackageCache\com.unity.modules.vehicles@1.0.0)
    com.unity.modules.video@1.0.0 (location: D:\zlj_world\VoxelCraft\Library\PackageCache\com.unity.modules.video@1.0.0)
    com.unity.modules.vr@1.0.0 (location: D:\zlj_world\VoxelCraft\Library\PackageCache\com.unity.modules.vr@1.0.0)
    com.unity.modules.wind@1.0.0 (location: D:\zlj_world\VoxelCraft\Library\PackageCache\com.unity.modules.wind@1.0.0)
    com.unity.modules.xr@1.0.0 (location: D:\zlj_world\VoxelCraft\Library\PackageCache\com.unity.modules.xr@1.0.0)
    com.unity.modules.subsystems@1.0.0 (location: D:\zlj_world\VoxelCraft\Library\PackageCache\com.unity.modules.subsystems@1.0.0)
[Subsystems] No new subsystems found in resolved package list.
Package Manager log level set to [2]
[Package Manager] Done registering packages in 0.17 seconds
Refreshing native plugins compatible for Editor in 4.51 ms, found 2 plugins.
Preloading 0 native plugins for Editor in 0.00 ms.
Initialize engine version: 2022.3.57f1c2 (32588f90613b)
[Subsystems] Discovering subsystems at path C:/Program Files/Unity/2022.3.57f1/Editor/Data/Resources/UnitySubsystems
[Subsystems] Discovering subsystems at path D:/zlj_world/VoxelCraft/Assets
GfxDevice: creating device client; threaded=1; jobified=0
Direct3D:
    Version:  Direct3D 11.0 [level 11.1]
    Renderer: Intel(R) Arc(TM) 130V GPU (16GB) (ID=0x64a0)
    Vendor:   Intel
    VRAM:     18451 MB
    Driver:   32.0.101.6987
[Licensing::Client] Successfully resolved entitlement details
Initialize mono
Mono path[0] = 'C:/Program Files/Unity/2022.3.57f1/Editor/Data/Managed'
Mono path[1] = 'C:/Program Files/Unity/2022.3.57f1/Editor/Data/MonoBleedingEdge/lib/mono/unityjit-win32'
Mono config path = 'C:/Program Files/Unity/2022.3.57f1/Editor/Data/MonoBleedingEdge/etc'
Using monoOptions --debugger-agent=transport=dt_socket,embedding=1,server=y,suspend=n,address=127.0.0.1:56524
Using cacheserver namespaces - metadata:defaultmetadata, artifacts:defaultartifacts
Using cacheserver namespaces - metadata:defaultmetadata, artifacts:defaultartifacts
ImportWorker Server TCP listen port: 0
Begin MonoManager ReloadAssembly
Registering precompiled unity dll's ...
Register platform support module: C:/Program Files/Unity/2022.3.57f1/Editor/Data/PlaybackEngines/WindowsStandaloneSupport/UnityEditor.WindowsStandalone.Extensions.dll
Registered in 0.056149 seconds.
- Loaded All Assemblies, in  0.334 seconds
Native extension for WindowsStandalone target not found
Mono: successfully reloaded assembly
- Finished resetting the current domain, in  0.200 seconds
Domain Reload Profiling: 533ms
	BeginReloadAssembly (90ms)
		ExecutionOrderSort (0ms)
		DisableScriptedObjects (0ms)
		BackupInstance (0ms)
		ReleaseScriptingObjects (0ms)
		CreateAndSetChildDomain (1ms)
	RebuildCommonClasses (30ms)
	RebuildNativeTypeToScriptingClass (7ms)
	initialDomainReloadingComplete (111ms)
	LoadAllAssembliesAndSetupDomain (94ms)
		LoadAssemblies (88ms)
		RebuildTransferFunctionScriptingTraits (0ms)
		AnalyzeDomain (93ms)
			TypeCache.Refresh (92ms)
				TypeCache.ScanAssembly (83ms)
			ScanForSourceGeneratedMonoScriptInfo (0ms)
			ResolveRequiredComponents (0ms)
	FinalizeReload (201ms)
		ReleaseScriptCaches (0ms)
		RebuildScriptCaches (0ms)
		SetupLoadedEditorAssemblies (167ms)
			LogAssemblyErrors (0ms)
			InitializePlatformSupportModulesInManaged (6ms)
			SetLoadedEditorAssemblies (6ms)
			RefreshPlugins (0ms)
			BeforeProcessingInitializeOnLoad (3ms)
			ProcessInitializeOnLoadAttributes (111ms)
			ProcessInitializeOnLoadMethodAttributes (42ms)
			AfterProcessingInitializeOnLoad (0ms)
			EditorAssembliesLoaded (0ms)
		ExecutionOrderSort2 (0ms)
		AwakeInstancesAfterBackupRestoration (0ms)
[Licensing::Client] Successfully resolved entitlement details
Application.AssetDatabase Initial Refresh Start
info: Microsoft.Hosting.Lifetime[14]
      Now listening on: http://localhost:80
info: Microsoft.Hosting.Lifetime[0]
      Application started. Press Ctrl+C to shut down.
info: Microsoft.Hosting.Lifetime[0]
      Hosting environment: Production
info: Microsoft.Hosting.Lifetime[0]
      Content root path: D:\zlj_world\VoxelCraft\
info: Microsoft.AspNetCore.Hosting.Diagnostics[1]
      Request starting HTTP/2 POST http://ilpp/UnityILPP.PostProcessing/Ping application/grpc -
info: Microsoft.AspNetCore.Routing.EndpointMiddleware[0]
      Executing endpoint 'gRPC - /UnityILPP.PostProcessing/Ping'
info: Microsoft.AspNetCore.Routing.EndpointMiddleware[1]
      Executed endpoint 'gRPC - /UnityILPP.PostProcessing/Ping'
info: Microsoft.AspNetCore.Hosting.Diagnostics[2]
      Request finished HTTP/2 POST http://ilpp/UnityILPP.PostProcessing/Ping application/grpc - - 200 - application/grpc 37.9936ms
Starting: C:\Program Files\Unity\2022.3.57f1\Editor\Data\bee_backend.exe --dont-print-to-structured-log --ipc --defer-dag-verification --dagfile="Library/Bee/1900b0aE.dag" --continue-on-failure --profile="Library/Bee/backend1.traceevents" ScriptAssemblies
WorkingDir: D:/zlj_world/VoxelCraft
ExitCode: 4 Duration: 0s123ms
Rebuilding DAG because FileSignature timestamp changed: Library/Bee/1900b0aE-inputdata.json
*** Tundra requires additional run (0.09 seconds), 0 items updated, 625 evaluated
Starting: C:\Program Files\Unity\2022.3.57f1\Editor\Data\Tools\netcorerun\netcorerun.exe "C:\Program Files\Unity\2022.3.57f1\Editor\Data\Tools\BuildPipeline\ScriptCompilationBuildProgram.exe" "Library/Bee/1900b0aE.dag.json" "Library/Bee/1900b0aE-inputdata.json" "Library\Bee\buildprogram0.traceevents"
WorkingDir: D:/zlj_world/VoxelCraft
ExitCode: 0 Duration: 0s303ms
Starting: C:\Program Files\Unity\2022.3.57f1\Editor\Data\bee_backend.exe --dont-print-to-structured-log --ipc --defer-dag-verification --dagfile="Library/Bee/1900b0aE.dag" --continue-on-failure --dagfilejson="Library\Bee\1900b0aE.dag.json" --profile="Library/Bee/backend2.traceevents" ScriptAssemblies
WorkingDir: D:/zlj_world/VoxelCraft
ExitCode: 0 Duration: 0s124ms
Finished compiling graph: 628 nodes, 8445 flattened edges (7433 ToBuild, 120 ToUse), maximum node priority 496
*** Tundra build success (0.10 seconds), 0 items updated, 625 evaluated
AssetDatabase: script compilation time: 0.999496s
Begin MonoManager ReloadAssembly
Total cache size 9741676
Total cache size after purge 9741676
Symbol file LoadedFromMemory is not a mono symbol file
- Loaded All Assemblies, in  0.438 seconds
Refreshing native plugins compatible for Editor in 3.28 ms, found 2 plugins.
Preloading 0 native plugins for Editor in 0.00 ms.
Refreshing native plugins compatible for Editor in 3.38 ms, found 2 plugins.
Native extension for WindowsStandalone target not found
Mono: successfully reloaded assembly
- Finished resetting the current domain, in  0.574 seconds
Domain Reload Profiling: 1011ms
	BeginReloadAssembly (116ms)
		ExecutionOrderSort (0ms)
		DisableScriptedObjects (4ms)
		BackupInstance (0ms)
		ReleaseScriptingObjects (0ms)
		CreateAndSetChildDomain (20ms)
	RebuildCommonClasses (22ms)
	RebuildNativeTypeToScriptingClass (9ms)
	initialDomainReloadingComplete (22ms)
	LoadAllAssembliesAndSetupDomain (268ms)
		LoadAssemblies (235ms)
		RebuildTransferFunctionScriptingTraits (0ms)
		AnalyzeDomain (100ms)
			TypeCache.Refresh (83ms)
				TypeCache.ScanAssembly (71ms)
			ScanForSourceGeneratedMonoScriptInfo (13ms)
			ResolveRequiredComponents (2ms)
	FinalizeReload (574ms)
		ReleaseScriptCaches (0ms)
		RebuildScriptCaches (0ms)
		SetupLoadedEditorAssemblies (471ms)
			LogAssemblyErrors (0ms)
			InitializePlatformSupportModulesInManaged (6ms)
			SetLoadedEditorAssemblies (5ms)
			RefreshPlugins (0ms)
			BeforeProcessingInitializeOnLoad (41ms)
			ProcessInitializeOnLoadAttributes (287ms)
			ProcessInitializeOnLoadMethodAttributes (128ms)
			AfterProcessingInitializeOnLoad (4ms)
			EditorAssembliesLoaded (0ms)
		ExecutionOrderSort2 (0ms)
		AwakeInstancesAfterBackupRestoration (7ms)
Asset Pipeline Refresh (id=99b65cfbf0bf76d4282ef14b77c5d3db): Total: 2.595 seconds - Initiated by InitialRefreshV2(ForceSynchronousImport)
	Summary:
		Imports: total=0 (actual=0, local cache=0, cache server=0)
		Asset DB Process Time: managed=0 ms, native=502 ms
		Asset DB Callback time: managed=9 ms, native=0 ms
		Scripting: domain reloads=1, domain reload time=1057 ms, compile time=1000 ms, other=26 ms
		Project Asset Count: scripts=3286, non-scripts=956
		Asset File Changes: new=0, changed=0, moved=0, deleted=0
		Scan Filter Count: 0
	InvokeBeforeRefreshCallbacks: 0.367ms
	ApplyChangesToAssetFolders: 0.051ms
	Scan: 64.219ms
	OnSourceAssetsModified: 0.001ms
	GetAllGuidsForCategorization: 0.435ms
	CategorizeAssets: 46.185ms
	ImportOutOfDateAssets: 600.120ms (-411.023ms without children)
		CompileScripts: 999.601ms
		ReloadNativeAssets: 0.001ms
		UnloadImportedAssets: 9.886ms
		EnsureUptoDateAssetsAreRegisteredWithGuidPM: 0.921ms
		InitializingProgressBar: 0.001ms
		PostProcessAllAssetNotificationsAddChangedAssets: 0.001ms
		OnDemandSchedulerStart: 0.732ms
	PostProcessAllAssets: 9.142ms
	GatherAllCurrentPrimaryArtifactRevisions: 0.001ms
	UnloadStreamsBegin: 0.255ms
	PersistCurrentRevisions: 0.145ms
	UnloadStreamsEnd: 0.022ms
	GenerateScriptTypeHashes: 0.845ms
	Untracked: 1874.387ms
Application.AssetDatabase Initial Refresh End
Launched and connected shader compiler UnityShaderCompiler.exe after 0.05 seconds
Scanning for USB devices : 2.067ms
Initializing Unity extensions:
[Licensing::Client] Successfully resolved entitlement details
[MODES] ModeService[none].Initialize
[MODES] ModeService[none].LoadModes
[MODES] Loading mode Default (0) for mode-current-id-VoxelCraft
[PhysX] Initialized MultithreadedTaskDispatcher with 8 workers.
ProgressiveSceneManager::Cancel()
Unloading 3 Unused Serialized files (Serialized files now loaded: 0)
Unloading 77 unused Assets / (492.9 KB). Loaded Objects now: 3052.
Memory consumption went from 117.0 MB to 116.5 MB.
Total: 5.935700 ms (FindLiveObjects: 0.163900 ms CreateObjectMapping: 0.055300 ms MarkObjects: 5.428300 ms  DeleteObjects: 0.286500 ms)

[LAYOUT] About to load UserSettings\Layouts\default-2022.dwlt, keepMainWindow=False
<RI> Initialized touch support.
<RI> Initialized touch support.
<RI> Initialized touch support.
<RI> Initialized touch support.
<RI> Initialized touch support.
<RI> Initialized touch support.
[PhysX] Initialized MultithreadedTaskDispatcher with 8 workers.
[MODES] ModeService[default].InitializeCurrentMode
[MODES] ModeService[default].RaiseModeChanged(default, default)
IsTimeToCheckForNewEditor: Update time 1790279514 current 1790279601
<RI> Initializing input.
XInput1_3.dll not found. Trying XInput9_1_0.dll instead...
<RI> Input initialized.
[Project] Loading completed in 5.579 seconds
	Project init time: 				4.504 seconds
		Template init time: 		0.000 seconds
		Package Manager init time: 		0.354 seconds
		Asset Database init time: 		0.330 seconds
		Global illumination init time: 	0.004 seconds
		Assemblies load time: 			0.553 seconds
		Unity extensions init time: 	0.002 seconds
		Asset Database refresh time: 	0.000 seconds
	Scene opening time: 			0.563 seconds
##utp:{"type":"ProjectInfo","version":2,"phase":"Immediate","time":1790279602008,"processId":13524,"projectLoad":5.5791937,"projectInit":4.5035056,"templateInit":0.0,"packageManagerInit":0.3538707,"assetDatabaseInit":0.3295784,"globalIlluminationInit":0.0035476,"assembliesLoad":0.5527429,"unityExtensionsInit":0.0022784,"assetDatabaseRefresh":0.0,"sceneOpening":0.563234}
##utp:{"type":"EditorInfo","version":2,"phase":"Immediate","time":1790279602008,"processId":13524,"editorVersion":"2022.3.57f1c2 (32588f90613b)","branch":"2022.3/china_unity/release","buildType":"Release","platform":"Windows"}
EditorUpdateCheck: Failed The requested URL returned error: 404
Created GICache directory at C:/Users/zlj10/AppData/LocalLow/Unity/Caches/GiCache. Took: 0.044s, timestamps: [6.175 - 6.219]
gi::BakeBackendSwitch: switching bake backend from 3 to 1.
[00:00:01] Builtin Sky manager started.
[00:00:01] Finished 1 Bake Ambient Probe job (0.00s execute, 0.00s integrate, 0.25s wallclock)
[Licensing::Client] Successfully updated the access token
[Licensing::Module] Successfully updated access token: "tDPdhwzm"... (expires: 2027-09-24T19:53:23Z)
[Licensing::Client] Successfully resolved entitlement details
TrimDiskCacheJob: Current cache size 0mb
[WARNING] Ignore caches that are heterogeneous
Asset Pipeline Refresh (id=c6d43a021afacb241a0a1e4af927b455): Total: 0.019 seconds - Initiated by RefreshV2(AllowForceSynchronousImport)
[LAYOUT] About to save layout D:\zlj_world\VoxelCraft\UserSettings\Layouts\default-2022.dwlt
[LAYOUT] About to save layout C:/Users/zlj10/AppData/Roaming/Unity/Editor-5.x/Preferences\Layouts\current\default-2022.dwlt
[PhysX] Initialized MultithreadedTaskDispatcher with 8 workers.
[PhysX] Initialized MultithreadedTaskDispatcher with 8 workers.
Input System module state changed to: ShutdownInProgress.
Input System polling thread exited.
Input System module state changed to: Shutdown.
[Licensing::IpcConnector] LicenseClient-zlj10-notifications channel disconnected successfully.
[Licensing::IpcConnector] LicenseClient-zlj10 channel disconnected successfully.
Cleanup mono
abort_threads: Failed aborting id: 0000000000003900, mono_thread_manage will ignore it

abort_threads: Failed aborting id: 0000000000004788, mono_thread_manage will ignore it

debugger-agent: Unable to listen on 4732
[Performance] WinEditorMain                                                                                                                                                                                                                           :        1 samples, Peak.   441 ms (1.0x), Avg.   441 ms, Total. 441.0 ms (0.6%)
[Performance] WinEditorMain.ConfigureCrashHandler                                                                                                                                                                                                     :        1 samples, Peak.  24.8 us (1.0x), Avg.  24.8 us, Total. 24.80 us (0.0%)
[Performance] WinEditorMain.CurlRequestInitialize                                                                                                                                                                                                     :        1 samples, Peak.   378 us (1.0x), Avg.   378 us, Total. 377.5 us (0.0%)
[Performance] WinEditorMain.SetupLogFile                                                                                                                                                                                                              :        1 samples, Peak.   213 us (1.0x), Avg.   213 us, Total. 212.8 us (0.0%)
[Performance] WinEditorMain.RunNativeTestsIfRequiredAndExit                                                                                                                                                                                           :        1 samples, Peak.   600 ns (1.0x), Avg.   600 ns, Total. 600.0 ns (0.0%)
[Performance] WinEditorMain.Licensing                                                                                                                                                                                                                 :        1 samples, Peak.   421 ms (1.0x), Avg.   421 ms, Total. 420.8 ms (0.5%)
[Performance] WinEditorMain.InitializeCrashHandler                                                                                                                                                                                                    :        1 samples, Peak.  16.4 ms (1.0x), Avg.  16.4 ms, Total. 16.44 ms (0.0%)
[Performance] WinEditorMain.CreateApplication                                                                                                                                                                                                         :        1 samples, Peak.   118 us (1.0x), Avg.   118 us, Total. 117.7 us (0.0%)
[Performance] Application.InitializeProject                                                                                                                                                                                                           :        1 samples, Peak.  4.50 s (1.0x), Avg.  4.50 s, Total. 4.504 s (5.7%)
[Performance] Application.PackageManager.StartServer                                                                                                                                                                                                  :        1 samples, Peak.  4.23 ms (1.0x), Avg.  4.23 ms, Total. 4.232 ms (0.0%)
[Performance] Application.AcquireProjectLock                                                                                                                                                                                                          :        1 samples, Peak.  2.01 ms (1.0x), Avg.  2.01 ms, Total. 2.010 ms (0.0%)
[Performance] Application.InitializeEngineNoGraphics                                                                                                                                                                                                  :        1 samples, Peak.  51.5 ms (1.0x), Avg.  51.5 ms, Total. 51.52 ms (0.1%)
[Performance] Application.PackageManager.Initialize                                                                                                                                                                                                   :        1 samples, Peak.   354 ms (1.0x), Avg.   354 ms, Total. 353.9 ms (0.4%)
[Performance] Connecting to Package Manager                                                                                                                                                                                                           :       36 samples, Peak.  65.7 us (11.6x), Avg.  5.66 us, Total. 203.8 us (0.0%)
[Performance] Application.EngineGraphics.Initialize                                                                                                                                                                                                   :        1 samples, Peak.   128 ms (1.0x), Avg.   128 ms, Total. 128.4 ms (0.2%)
[Performance] Application.GI.Initialize                                                                                                                                                                                                               :        1 samples, Peak.  3.55 ms (1.0x), Avg.  3.55 ms, Total. 3.550 ms (0.0%)
[Performance] Application.LoadAllDefaultResourcesFromEditor                                                                                                                                                                                           :        1 samples, Peak.  2.16 ms (1.0x), Avg.  2.16 ms, Total. 2.158 ms (0.0%)
[Performance] Application.LoadMonoAssemblies                                                                                                                                                                                                          :        1 samples, Peak.   553 ms (1.0x), Avg.   553 ms, Total. 552.7 ms (0.7%)
[Performance] RestoreManagedReferences                                                                                                                                                                                                                :        2 samples, Peak.  32.6 ms (2.0x), Avg.  16.3 ms, Total. 32.64 ms (0.0%)
[Performance] InitializeOnLoad DrivenRectTransformUndo                                                                                                                                                                                                :        2 samples, Peak.   434 us (1.1x), Avg.   413 us, Total. 827.0 us (0.0%)
[Performance] InitializeOnLoad UnityConnect                                                                                                                                                                                                           :        2 samples, Peak.  95.0 us (1.4x), Avg.  65.8 us, Total. 131.7 us (0.0%)
[Performance] InitializeOnLoad NativeFormatImporterUtility                                                                                                                                                                                            :        2 samples, Peak.  2.55 ms (1.1x), Avg.  2.32 ms, Total. 4.635 ms (0.0%)
[Performance] InitializeOnLoad MixerEffectDefinitionReloader                                                                                                                                                                                          :        2 samples, Peak.  2.43 ms (1.1x), Avg.  2.19 ms, Total. 4.382 ms (0.0%)
[Performance] InitializeOnLoad CacheServerWindow                                                                                                                                                                                                      :        2 samples, Peak.  15.9 us (1.3x), Avg.  11.9 us, Total. 23.80 us (0.0%)
[Performance] InitializeOnLoad PlayModeDownload                                                                                                                                                                                                       :        2 samples, Peak.  5.55 ms (1.9x), Avg.  2.85 ms, Total. 5.703 ms (0.0%)
[Performance] InitializeOnLoad AddComponentWindow                                                                                                                                                                                                     :        2 samples, Peak.   127 us (1.2x), Avg.   103 us, Total. 206.4 us (0.0%)
[Performance] InitializeOnLoad ProjectSearch                                                                                                                                                                                                          :        2 samples, Peak.   119 us (1.0x), Avg.   116 us, Total. 232.4 us (0.0%)
[Performance] InitializeOnLoad SettingsService                                                                                                                                                                                                        :        2 samples, Peak.  10.1 us (1.3x), Avg.  7.65 us, Total. 15.30 us (0.0%)
[Performance] InitializeOnLoad ManagedDebugger                                                                                                                                                                                                        :        2 samples, Peak.   754 us (1.3x), Avg.   601 us, Total. 1.203 ms (0.0%)
[Performance] InitializeOnLoad ObjectSelectorSearch                                                                                                                                                                                                   :        2 samples, Peak.   320 us (1.3x), Avg.   239 us, Total. 478.4 us (0.0%)
[Performance] InitializeOnLoad AssetStoreContext                                                                                                                                                                                                      :        2 samples, Peak.  22.4 ms (1.0x), Avg.  21.4 ms, Total. 42.89 ms (0.1%)
[Performance] InitializeOnLoad PrefabInstanceChangedListener                                                                                                                                                                                          :        2 samples, Peak.   162 us (1.1x), Avg.   142 us, Total. 283.2 us (0.0%)
[Performance] InitializeOnLoad WindowLayout                                                                                                                                                                                                           :        2 samples, Peak.   435 us (1.1x), Avg.   384 us, Total. 768.3 us (0.0%)
[Performance] InitializeOnLoad UISystemProfilerRenderService                                                                                                                                                                                          :        2 samples, Peak.  9.40 us (1.1x), Avg.  8.35 us, Total. 16.70 us (0.0%)
[Performance] InitializeOnLoad SceneSearch                                                                                                                                                                                                            :        2 samples, Peak.  49.1 us (1.1x), Avg.  46.0 us, Total. 92.10 us (0.0%)
[Performance] InitializeOnLoad EditMode                                                                                                                                                                                                               :        2 samples, Peak.   340 us (1.0x), Avg.   329 us, Total. 658.5 us (0.0%)
[Performance] InitializeOnLoad CloudBuild                                                                                                                                                                                                             :        2 samples, Peak.  4.30 us (1.3x), Avg.  3.25 us, Total. 6.500 us (0.0%)
[Performance] InitializeOnLoad MenuItems                                                                                                                                                                                                              :        2 samples, Peak.  91.8 us (1.1x), Avg.  84.1 us, Total. 168.2 us (0.0%)
[Performance] InitializeOnLoad ShortcutIntegration                                                                                                                                                                                                    :        2 samples, Peak.  57.7 us (1.1x), Avg.  50.5 us, Total. 101.0 us (0.0%)
[Performance] InitializeOnLoad ManagedDebuggerWindow                                                                                                                                                                                                  :        2 samples, Peak.   112 us (1.1x), Avg.   104 us, Total. 207.7 us (0.0%)
[Performance] InitializeOnLoad SearchService                                                                                                                                                                                                          :        2 samples, Peak.   214 us (1.5x), Avg.   143 us, Total. 285.2 us (0.0%)
[Performance] InitializeOnLoad EditorMonitor                                                                                                                                                                                                          :        2 samples, Peak.   585 us (1.3x), Avg.   449 us, Total. 897.2 us (0.0%)
[Performance] InitializeOnLoad RetainedMode                                                                                                                                                                                                           :        2 samples, Peak.  1.59 ms (1.0x), Avg.  1.58 ms, Total. 3.154 ms (0.0%)
[Performance] InitializeOnLoad EditorShaderLoader                                                                                                                                                                                                     :        2 samples, Peak.   480 us (1.0x), Avg.   460 us, Total. 919.6 us (0.0%)
[Performance] InitializeOnLoad EditorDelegateRegistration                                                                                                                                                                                             :        2 samples, Peak.   362 us (1.0x), Avg.   348 us, Total. 696.9 us (0.0%)
[Performance] InitializeOnLoad UIDocumentHierarchyWatcher                                                                                                                                                                                             :        2 samples, Peak.  55.5 us (1.1x), Avg.  51.1 us, Total. 102.1 us (0.0%)
[Performance] InitializeOnLoad LiveReloadTrackerCreator                                                                                                                                                                                               :        2 samples, Peak.   160 us (1.3x), Avg.   122 us, Total. 243.7 us (0.0%)
[Performance] InitializeOnLoad UxmlObjectEditorFactories                                                                                                                                                                                              :        2 samples, Peak.   538 us (1.3x), Avg.   402 us, Total. 803.1 us (0.0%)
[Performance] InitializeOnLoad UXMLEditorFactories                                                                                                                                                                                                    :        2 samples, Peak.  49.4 ms (1.1x), Avg.  46.0 ms, Total. 92.03 ms (0.1%)
[Performance] InitializeOnLoad PurchasingService                                                                                                                                                                                                      :        2 samples, Peak.  6.23 ms (1.0x), Avg.  6.11 ms, Total. 12.22 ms (0.0%)
[Performance] InitializeOnLoad CloudBuildPoller                                                                                                                                                                                                       :        2 samples, Peak.  91.2 us (1.1x), Avg.  83.7 us, Total. 167.5 us (0.0%)
[Performance] InitializeOnLoad EditorGameServicesAnalytics                                                                                                                                                                                            :        2 samples, Peak.  2.57 ms (1.5x), Avg.  1.66 ms, Total. 3.320 ms (0.0%)
[Performance] InitializeOnLoad AnalyticsService                                                                                                                                                                                                       :        2 samples, Peak.   190 us (1.1x), Avg.   165 us, Total. 330.8 us (0.0%)
[Performance] InitializeOnLoad BuildService                                                                                                                                                                                                           :        2 samples, Peak.   166 us (1.0x), Avg.   159 us, Total. 318.0 us (0.0%)
[Performance] InitializeOnLoad AdsService                                                                                                                                                                                                             :        2 samples, Peak.   408 us (1.0x), Avg.   396 us, Total. 791.6 us (0.0%)
[Performance] InitializeOnLoad UDPService                                                                                                                                                                                                             :        2 samples, Peak.   125 us (1.0x), Avg.   124 us, Total. 247.1 us (0.0%)
[Performance] InitializeOnLoad CrashService                                                                                                                                                                                                           :        2 samples, Peak.   106 us (1.1x), Avg.   101 us, Total. 201.6 us (0.0%)
[Performance] InitializeOnLoad ServicesRepository                                                                                                                                                                                                     :        2 samples, Peak.   400 ns (1.1x), Avg.   350 ns, Total. 700.0 ns (0.0%)
[Performance] InitializeOnLoad SearchWindow                                                                                                                                                                                                           :        2 samples, Peak.  98.1 us (1.1x), Avg.  86.0 us, Total. 172.0 us (0.0%)
[Performance] InitializeOnLoad CustomIndexers                                                                                                                                                                                                         :        2 samples, Peak.  14.1 ms (1.1x), Avg.  12.6 ms, Total. 25.14 ms (0.0%)
[Performance] InitializeOnLoad SearchMonitor                                                                                                                                                                                                          :        2 samples, Peak.  7.04 ms (1.8x), Avg.  3.84 ms, Total. 7.671 ms (0.0%)
[Performance] InitializeOnLoad ParameterControllerEditor                                                                                                                                                                                              :        2 samples, Peak.  17.7 us (1.0x), Avg.  17.3 us, Total. 34.60 us (0.0%)
[Performance] InitializeOnLoad LayerSettingsWindow                                                                                                                                                                                                    :        2 samples, Peak.  23.3 us (1.7x), Avg.  13.4 us, Total. 26.80 us (0.0%)
[Performance] InitializeOnLoad PackageManagerHookGUIDConverter.RegisterPackagesEventHandler                                                                                                                                                           :        2 samples, Peak.   652 us (1.9x), Avg.   345 us, Total. 690.0 us (0.0%)
[Performance] InitializeOnLoad EditorDragAndDrop.RegisterEditorClient                                                                                                                                                                                 :        2 samples, Peak.   443 us (1.5x), Avg.   302 us, Total. 604.5 us (0.0%)
[Performance] InitializeOnLoad EditorEventCallbacks.InitializeFontAssetResourceChangeCallBacks                                                                                                                                                        :        2 samples, Peak.  1.14 ms (1.0x), Avg.  1.13 ms, Total. 2.268 ms (0.0%)
[Performance] InitializeOnLoad SceneTemplateService.Init                                                                                                                                                                                              :        2 samples, Peak.  1.04 ms (1.2x), Avg.   874 us, Total. 1.749 ms (0.0%)
[Performance] InitializeOnLoad DiagnosticSwitchesConsoleMessage.Init                                                                                                                                                                                  :        2 samples, Peak.  4.12 ms (1.7x), Avg.  2.49 ms, Total. 4.979 ms (0.0%)
[Performance] InitializeOnLoad SceneVisibilityManager.Initialize                                                                                                                                                                                      :        2 samples, Peak.  4.03 ms (1.7x), Avg.  2.38 ms, Total. 4.750 ms (0.0%)
[Performance] InitializeOnLoad PackageManagerWindow.EditorInitializedInSafeMode                                                                                                                                                                       :        2 samples, Peak.  26.0 ms (2.0x), Avg.  13.0 ms, Total. 26.09 ms (0.0%)
[Performance] InitializeOnLoad MemoryProfilerCompilationGuard.InjectCompileGuard                                                                                                                                                                      :        2 samples, Peak.   116 us (1.0x), Avg.   111 us, Total. 221.3 us (0.0%)
[Performance] InitializeOnLoad SysrootManager.Initialize                                                                                                                                                                                              :        2 samples, Peak.   499 us (1.1x), Avg.   435 us, Total. 869.0 us (0.0%)
[Performance] InitializeOnLoad ScopedRegistryAddedPopup.SubscribeToRegistriesAdded                                                                                                                                                                    :        2 samples, Peak.  8.86 ms (1.8x), Avg.  4.80 ms, Total. 9.593 ms (0.0%)
[Performance] InitializeOnLoad EditorWindow.Initialize                                                                                                                                                                                                :        2 samples, Peak.   169 us (1.0x), Avg.   162 us, Total. 323.4 us (0.0%)
[Performance] InitializeOnLoad ToolShortcutContext.Init                                                                                                                                                                                               :        2 samples, Peak.  85.5 us (1.1x), Avg.  78.3 us, Total. 156.6 us (0.0%)
[Performance] InitializeOnLoad AssetPostprocessingInternal.RefreshCustomDependencies                                                                                                                                                                  :        2 samples, Peak.  2.57 ms (1.2x), Avg.  2.15 ms, Total. 4.301 ms (0.0%)
[Performance] AssemblyReloadEvents.afterAssemblyReload: UnityEditor.SceneTemplate.SceneTemplateService.AfterAssemblyReload                                                                                                                            :        2 samples, Peak.  3.71 ms (1.9x), Avg.  2.00 ms, Total. 3.991 ms (0.0%)
[Performance] ProcessService.EditorAfterLoadAllAssemblies                                                                                                                                                                                             :        2 samples, Peak.   293 us (1.0x), Avg.   279 us, Total. 557.6 us (0.0%)
[Performance] Application.ReadLicenseInfo                                                                                                                                                                                                             :        1 samples, Peak.  24.3 ms (1.0x), Avg.  24.3 ms, Total. 24.26 ms (0.0%)
[Performance] Application.InitialRefresh                                                                                                                                                                                                              :        1 samples, Peak.  2.60 s (1.0x), Avg.  2.60 s, Total. 2.599 s (3.3%)
[Performance] Compiling Scripts                                                                                                                                                                                                                       :        1 samples, Peak.  1000 ms (1.0x), Avg.  1000 ms, Total. 999.6 ms (1.3%)
[Performance] AssemblyReloadEvents.beforeAssemblyReload: UnityEditor.SceneTemplate.SceneTemplateService.BeforeAssemblyReload                                                                                                                          :        1 samples, Peak.   420 us (1.0x), Avg.   420 us, Total. 419.8 us (0.0%)
[Performance] InitializeOnLoad CoreStatsIntegration                                                                                                                                                                                                   :        1 samples, Peak.   197 us (1.0x), Avg.   197 us, Total. 196.8 us (0.0%)
[Performance] InitializeOnLoad BackgroundWatcher                                                                                                                                                                                                      :        1 samples, Peak.   199 us (1.0x), Avg.   199 us, Total. 198.9 us (0.0%)
[Performance] InitializeOnLoad UnityTestProtocolStarter                                                                                                                                                                                               :        1 samples, Peak.   504 us (1.0x), Avg.   504 us, Total. 504.0 us (0.0%)
[Performance] InitializeOnLoad TestStarter                                                                                                                                                                                                            :        1 samples, Peak.   530 us (1.0x), Avg.   530 us, Total. 529.7 us (0.0%)
[Performance] InitializeOnLoad RerunCallbackInitializer                                                                                                                                                                                               :        1 samples, Peak.  4.99 ms (1.0x), Avg.  4.99 ms, Total. 4.992 ms (0.0%)
[Performance] InitializeOnLoad VisualStudioEditor                                                                                                                                                                                                     :        1 samples, Peak.  13.7 ms (1.0x), Avg.  13.7 ms, Total. 13.69 ms (0.0%)
[Performance] InitializeOnLoad TestRunnerApiListener                                                                                                                                                                                                  :        1 samples, Peak.   435 us (1.0x), Avg.   435 us, Total. 435.4 us (0.0%)
[Performance] InitializeOnLoad VisualStudioIntegration                                                                                                                                                                                                :        1 samples, Peak.   669 us (1.0x), Avg.   669 us, Total. 669.5 us (0.0%)
[Performance] InitializeOnLoad PrefabLayoutRebuilder                                                                                                                                                                                                  :        1 samples, Peak.   261 us (1.0x), Avg.   261 us, Total. 261.3 us (0.0%)
[Performance] InitializeOnLoad AnalyticsImporter                                                                                                                                                                                                      :        1 samples, Peak.  1.33 ms (1.0x), Avg.  1.33 ms, Total. 1.326 ms (0.0%)
[Performance] InitializeOnLoad AnalyticsEventTrackerEditorCallbacks                                                                                                                                                                                   :        1 samples, Peak.   226 us (1.0x), Avg.   226 us, Total. 226.3 us (0.0%)
[Performance] InitializeOnLoad RiderScriptEditor                                                                                                                                                                                                      :        1 samples, Peak.  5.47 ms (1.0x), Avg.  5.47 ms, Total. 5.474 ms (0.0%)
[Performance] InitializeOnLoad CallbackInitializer                                                                                                                                                                                                    :        1 samples, Peak.  1.15 ms (1.0x), Avg.  1.15 ms, Total. 1.154 ms (0.0%)
[Performance] InitializeOnLoad SpriteEditorWindow                                                                                                                                                                                                     :        1 samples, Peak.   337 us (1.0x), Avg.   337 us, Total. 336.7 us (0.0%)
[Performance] InitializeOnLoad PlasticPlugin                                                                                                                                                                                                          :        1 samples, Peak.   105 ms (1.0x), Avg.   105 ms, Total. 105.0 ms (0.1%)
[Performance] InitializeOnLoad ToolbarBootstrap                                                                                                                                                                                                       :        1 samples, Peak.  34.8 ms (1.0x), Avg.  34.8 ms, Total. 34.78 ms (0.0%)
[Performance] InitializeOnLoad PurchasingServiceAnalyticsSender                                                                                                                                                                                       :        1 samples, Peak.  1.09 ms (1.0x), Avg.  1.09 ms, Total. 1.087 ms (0.0%)
[Performance] InitializeOnLoad UnityPurchasingEditor                                                                                                                                                                                                  :        1 samples, Peak.   983 us (1.0x), Avg.   983 us, Total. 982.7 us (0.0%)
[Performance] InitializeOnLoad PurchasingImporter                                                                                                                                                                                                     :        1 samples, Peak.   130 us (1.0x), Avg.   130 us, Total. 129.7 us (0.0%)
[Performance] InitializeOnLoad NavigationWindow                                                                                                                                                                                                       :        1 samples, Peak.   430 us (1.0x), Avg.   430 us, Total. 430.0 us (0.0%)
[Performance] InitializeOnLoad VSCodeScriptEditor                                                                                                                                                                                                     :        1 samples, Peak.  1.79 ms (1.0x), Avg.  1.79 ms, Total. 1.790 ms (0.0%)
[Performance] InitializeOnLoad SceneViewGridManager.Initialize                                                                                                                                                                                        :        1 samples, Peak.  5.80 ms (1.0x), Avg.  5.80 ms, Total. 5.804 ms (0.0%)
[Performance] InitializeOnLoad TilemapPrefabStageHelper.Initialize                                                                                                                                                                                    :        1 samples, Peak.   755 us (1.0x), Avg.   755 us, Total. 754.9 us (0.0%)
[Performance] InitializeOnLoad SceneViewOpenTilePaletteHelper.Initialize                                                                                                                                                                              :        1 samples, Peak.   725 us (1.0x), Avg.   725 us, Total. 725.5 us (0.0%)
[Performance] InitializeOnLoad TileDragAndDropManager.Initialize                                                                                                                                                                                      :        1 samples, Peak.   548 us (1.0x), Avg.   548 us, Total. 548.5 us (0.0%)
[Performance] InitializeOnLoad ObfuscationMigration.MigrateObfuscations                                                                                                                                                                               :        1 samples, Peak.   253 us (1.0x), Avg.   253 us, Total. 253.0 us (0.0%)
[Performance] InitializeOnLoad UnityPurchasingEditor.MigrateBillingMode                                                                                                                                                                               :        1 samples, Peak.   643 us (1.0x), Avg.   643 us, Total. 642.7 us (0.0%)
[Performance] InitializeOnLoad UnityPurchasingEditor.CheckUdpUpmPackageInstalled                                                                                                                                                                      :        1 samples, Peak.   489 us (1.0x), Avg.   489 us, Total. 488.7 us (0.0%)
[Performance] InitializeOnLoad ProductCatalogEditor.MigrateProductCatalog                                                                                                                                                                             :        1 samples, Peak.  87.2 ms (1.0x), Avg.  87.2 ms, Total. 87.23 ms (0.1%)
[Performance] InitializeOnLoad EngineStateHelper.Init                                                                                                                                                                                                 :        1 samples, Peak.   290 us (1.0x), Avg.   290 us, Total. 289.8 us (0.0%)
[Performance] InitializeOnLoad ThreadHelper.Init                                                                                                                                                                                                      :        1 samples, Peak.   240 us (1.0x), Avg.   240 us, Total. 240.0 us (0.0%)
[Performance] InitializeOnLoad TestJobDataHolder.ResumeRunningJobs                                                                                                                                                                                    :        1 samples, Peak.   794 us (1.0x), Avg.   794 us, Total. 794.1 us (0.0%)
[Performance] InitializeOnLoad AnalyticsReporter.RegisterCallbacks                                                                                                                                                                                    :        1 samples, Peak.   213 us (1.0x), Avg.   213 us, Total. 212.7 us (0.0%)
[Performance] InitializeOnLoad VisualStudioEditor.LegacyVisualStudioCodePackageDisabler                                                                                                                                                               :        1 samples, Peak.  3.56 ms (1.0x), Avg.  3.56 ms, Total. 3.559 ms (0.0%)
[Performance] InitializeOnLoad UnityThreadUtils.CaptureUnityThreadInfo                                                                                                                                                                                :        1 samples, Peak.   449 us (1.0x), Avg.   449 us, Total. 449.2 us (0.0%)
[Performance] InitializeOnLoad EditorGameServiceRegistry.RegisterAllServices                                                                                                                                                                          :        1 samples, Peak.  8.99 ms (1.0x), Avg.  8.99 ms, Total. 8.992 ms (0.0%)
[Performance] InitializeOnLoad ServiceInstallationListener.RegisterToEvents                                                                                                                                                                           :        1 samples, Peak.   249 us (1.0x), Avg.   249 us, Total. 248.7 us (0.0%)
[Performance] InitializeOnLoad ActionSchedulerCleaner.RegisterSchedulerCleaner                                                                                                                                                                        :        1 samples, Peak.   424 us (1.0x), Avg.   424 us, Total. 423.6 us (0.0%)
[Performance] DidReloadScriptsTestRunnerWindow.CompilationCallback                                                                                                                                                                                    :        1 samples, Peak.   320 us (1.0x), Avg.   320 us, Total. 320.5 us (0.0%)
[Performance] DidReloadScriptsTestListCache.ScriptReloaded                                                                                                                                                                                            :        1 samples, Peak.  1.43 ms (1.0x), Avg.  1.43 ms, Total. 1.427 ms (0.0%)
[Performance] DidReloadScriptsAdvancedDropdownWindow.OnScriptReload                                                                                                                                                                                   :        1 samples, Peak.   378 us (1.0x), Avg.   378 us, Total. 378.4 us (0.0%)
[Performance] SyncVS.PostprocessSyncProject                                                                                                                                                                                                           :        1 samples, Peak.   205 us (1.0x), Avg.   205 us, Total. 204.6 us (0.0%)
[Performance] Application.ImportPackagesAndSetTemplateWhenCreatingProject                                                                                                                                                                             :        1 samples, Peak.  16.4 ms (1.0x), Avg.  16.4 ms, Total. 16.41 ms (0.0%)
[Performance] Application.SyncCurrentColorSpace                                                                                                                                                                                                       :        1 samples, Peak.  85.5 ms (1.0x), Avg.  85.5 ms, Total. 85.46 ms (0.1%)
[Performance] Application.OnUsbDevicesChanged                                                                                                                                                                                                         :        1 samples, Peak.  2.13 ms (1.0x), Avg.  2.13 ms, Total. 2.126 ms (0.0%)
[Performance] Application.AssetInstanceCacheUpdate                                                                                                                                                                                                    :        1 samples, Peak.   600 ns (1.0x), Avg.   600 ns, Total. 600.0 ns (0.0%)
[Performance] Application.UnityExtensions.Initialize                                                                                                                                                                                                  :        1 samples, Peak.  2.28 ms (1.0x), Avg.  2.28 ms, Total. 2.281 ms (0.0%)
[Performance] CodeEditorProjectSync.SyncEditorProject                                                                                                                                                                                                 :        1 samples, Peak.   189 us (1.0x), Avg.   189 us, Total. 188.7 us (0.0%)
[Performance] Application.ExecuteStartups                                                                                                                                                                                                             :        1 samples, Peak.  42.2 ms (1.0x), Avg.  42.2 ms, Total. 42.16 ms (0.1%)
[Performance] Menu.RegisterMenuInterface                                                                                                                                                                                                              :       26 samples, Peak.  1.40 us (6.6x), Avg.   212 ns, Total. 5.500 us (0.0%)
[Performance] Gizmo.RebuildRenderers                                                                                                                                                                                                                  :        1 samples, Peak.  41.4 ms (1.0x), Avg.  41.4 ms, Total. 41.44 ms (0.1%)
[Performance] Gizmo.AddGizmoRenderers                                                                                                                                                                                                                 :       88 samples, Peak.  2.75 ms (52.4x), Avg.  52.5 us, Total. 4.624 ms (0.0%)
[Performance] Application.editorInitializingProject                                                                                                                                                                                                   :        1 samples, Peak.   207 ms (1.0x), Avg.   207 ms, Total. 206.6 ms (0.3%)
[Performance] Application.FinishLoadingProject                                                                                                                                                                                                        :        1 samples, Peak.   563 ms (1.0x), Avg.   563 ms, Total. 563.2 ms (0.7%)
[Performance] Application.InitializeMenu                                                                                                                                                                                                              :        1 samples, Peak.  64.9 ms (1.0x), Avg.  64.9 ms, Total. 64.94 ms (0.1%)
[Performance] Menu.RebuildAll                                                                                                                                                                                                                         :        1 samples, Peak.  64.9 ms (1.0x), Avg.  64.9 ms, Total. 64.92 ms (0.1%)
[Performance] Menu.BuildRegisteredMenuInterfaces                                                                                                                                                                                                      :        1 samples, Peak.  63.3 ms (1.0x), Avg.  63.3 ms, Total. 63.29 ms (0.1%)
[Performance] Menu.FilterMenuItem                                                                                                                                                                                                                     :      644 samples, Peak.  30.8 ms (640.0x), Avg.  48.1 us, Total. 31.00 ms (0.0%)
[Performance] UpdateAllMenus                                                                                                                                                                                                                          :        1 samples, Peak.   433 us (1.0x), Avg.   433 us, Total. 432.6 us (0.0%)
[Performance] Menu.RebuildOSMainMenu                                                                                                                                                                                                                  :        1 samples, Peak.  1.05 ms (1.0x), Avg.  1.05 ms, Total. 1.051 ms (0.0%)
[Performance] Application.RestoreLastOpenedScenes                                                                                                                                                                                                     :        1 samples, Peak.  48.2 ms (1.0x), Avg.  48.2 ms, Total. 48.23 ms (0.1%)
[Performance] EditorSceneManager.sceneClosing: UnityEditor.SceneVisibilityManager.EditorSceneManagerOnSceneClosing                                                                                                                                    :        1 samples, Peak.   247 us (1.0x), Avg.   247 us, Total. 247.2 us (0.0%)
[Performance] EditorSceneManager.sceneClosed: callback in UnityEditor.Search.SearchMonitor                                                                                                                                                            :        1 samples, Peak.  52.5 us (1.0x), Avg.  52.5 us, Total. 52.50 us (0.0%)
[Performance] EditorSceneManager.activeSceneChangedInEditMode: callback in UnityEditor.Search.SearchMonitor                                                                                                                                           :        1 samples, Peak.  20.5 us (1.0x), Avg.  20.5 us, Total. 20.50 us (0.0%)
[Performance] GUIView.RepaintAll.PlayerLoopController                                                                                                                                                                                                 :        5 samples, Peak.  8.17 ms (2.9x), Avg.  2.87 ms, Total. 14.33 ms (0.0%)
[Performance] EditorSceneManager.newSceneCreated: UnityEditor.SceneTemplate.SceneTemplateService.OnNewSceneCreated                                                                                                                                    :        1 samples, Peak.   200 us (1.0x), Avg.   200 us, Total. 200.3 us (0.0%)
[Performance] EditorSceneManager.newSceneCreated: UnityEditor.SceneVisibilityManager.EditorSceneManagerOnNewSceneCreated                                                                                                                              :        1 samples, Peak.   184 us (1.0x), Avg.   184 us, Total. 184.3 us (0.0%)
[Performance] EditorSceneManager.newSceneCreated: UnityEditor.SceneManagement.StageNavigationManager.OnNewSceneCreated                                                                                                                                :        1 samples, Peak.  42.7 us (1.0x), Avg.  42.7 us, Total. 42.70 us (0.0%)
[Performance] EditorResources.Load                                                                                                                                                                                                                    :      524 samples, Peak.  40.7 ms (196.5x), Avg.   207 us, Total. 108.7 ms (0.1%)
[Performance] BuildCatalog                                                                                                                                                                                                                            :        1 samples, Peak.  7.69 ms (1.0x), Avg.  7.69 ms, Total. 7.689 ms (0.0%)
[Performance] Application.InvokeFinishedLoadingProject                                                                                                                                                                                                :        1 samples, Peak.  6.00 ms (1.0x), Avg.  6.00 ms, Total. 5.996 ms (0.0%)
[Performance] ProcessService.OnProjectLoaded                                                                                                                                                                                                          :        1 samples, Peak.  62.6 us (1.0x), Avg.  62.6 us, Total. 62.60 us (0.0%)
[Performance] VersionControl.Task.Wait                                                                                                                                                                                                                :        1 samples, Peak.  6.90 us (1.0x), Avg.  6.90 us, Total. 6.900 us (0.0%)
[Performance] Application.InvokeProjectWasLoaded                                                                                                                                                                                                      :        1 samples, Peak.  1.27 ms (1.0x), Avg.  1.27 ms, Total. 1.269 ms (0.0%)
[Performance] Application.Message                                                                                                                                                                                                                     :    21768 samples, Peak.   590 ms (11456.1x), Avg.  51.5 us, Total. 1.121 s (1.4%)
[Performance] Application.Message.Timer                                                                                                                                                                                                               :      153 samples, Peak.   771 us (20.1x), Avg.  38.4 us, Total. 5.879 ms (0.0%)
[Performance] Application.Message.WM_0031F                                                                                                                                                                                                            :        1 samples, Peak.  11.2 us (1.0x), Avg.  11.2 us, Total. 11.20 us (0.0%)
[Performance] Application.Message.WM_0C0DA                                                                                                                                                                                                            :        1 samples, Peak.   300 ns (1.0x), Avg.   300 ns, Total. 300.0 ns (0.0%)
[Performance] Application.Message.Paint                                                                                                                                                                                                               :        1 samples, Peak.   590 ms (1.0x), Avg.   590 ms, Total. 589.8 ms (0.7%)
[Performance] Toolbar.Paint                                                                                                                                                                                                                           :       10 samples, Peak.   333 ms (9.5x), Avg.  34.9 ms, Total. 349.2 ms (0.4%)
[Performance] Toolbar.SetActiveWindowAsPresented                                                                                                                                                                                                      :        1 samples, Peak.   202 us (1.0x), Avg.   202 us, Total. 202.2 us (0.0%)
[Performance] Toolbar.Repaint                                                                                                                                                                                                                         :       10 samples, Peak.   332 ms (9.5x), Avg.  34.8 ms, Total. 348.4 ms (0.4%)
[Performance] RefreshSkin                                                                                                                                                                                                                             :        1 samples, Peak.  31.7 ms (1.0x), Avg.  31.7 ms, Total. 31.70 ms (0.0%)
[Performance] SceneHierarchyWindow.Paint                                                                                                                                                                                                              :        4 samples, Peak.  62.9 ms (3.7x), Avg.  16.9 ms, Total. 67.47 ms (0.1%)
[Performance] SceneHierarchyWindow.SetActiveWindowAsPresented                                                                                                                                                                                         :        1 samples, Peak.  23.8 us (1.0x), Avg.  23.8 us, Total. 23.80 us (0.0%)
[Performance] SceneHierarchyWindow.Repaint                                                                                                                                                                                                            :        4 samples, Peak.  62.8 ms (3.8x), Avg.  16.5 ms, Total. 65.93 ms (0.1%)
[Performance] SceneVisibilityState.HasData                                                                                                                                                                                                            :        8 samples, Peak.  1.60 us (1.8x), Avg.   888 ns, Total. 7.100 us (0.0%)
[Performance] SceneVisibilityState.IsFlagSetInParents                                                                                                                                                                                                 :        2 samples, Peak.   600 ns (2.0x), Avg.   300 ns, Total. 600.0 ns (0.0%)
[Performance] GameView.Paint                                                                                                                                                                                                                          :       11 samples, Peak.  59.1 ms (8.6x), Avg.  6.88 ms, Total. 75.65 ms (0.1%)
[Performance] GameView.SetActiveWindowAsPresented                                                                                                                                                                                                     :        1 samples, Peak.  15.3 us (1.0x), Avg.  15.3 us, Total. 15.30 us (0.0%)
[Performance] GameView.Repaint                                                                                                                                                                                                                        :       11 samples, Peak.  59.0 ms (9.0x), Avg.  6.56 ms, Total. 72.19 ms (0.1%)
[Performance] ProjectBrowser.Paint                                                                                                                                                                                                                    :        2 samples, Peak.  88.9 ms (1.9x), Avg.  45.6 ms, Total. 91.27 ms (0.1%)
[Performance] ProjectBrowser.SetActiveWindowAsPresented                                                                                                                                                                                               :        1 samples, Peak.  18.0 us (1.0x), Avg.  18.0 us, Total. 18.00 us (0.0%)
[Performance] ProjectBrowser.Repaint                                                                                                                                                                                                                  :        2 samples, Peak.  88.8 ms (2.0x), Avg.  45.2 ms, Total. 90.48 ms (0.1%)
[Performance] InspectorWindow.Paint                                                                                                                                                                                                                   :        6 samples, Peak.  31.1 ms (5.0x), Avg.  6.20 ms, Total. 37.22 ms (0.0%)
[Performance] InspectorWindow.SetActiveWindowAsPresented                                                                                                                                                                                              :        1 samples, Peak.  13.5 us (1.0x), Avg.  13.5 us, Total. 13.50 us (0.0%)
[Performance] InspectorWindow.Repaint                                                                                                                                                                                                                 :        6 samples, Peak.  30.4 ms (5.3x), Avg.  5.73 ms, Total. 34.37 ms (0.0%)
[Performance] AppStatusBar.Paint                                                                                                                                                                                                                      :        5 samples, Peak.  10.9 ms (4.0x), Avg.  2.74 ms, Total. 13.69 ms (0.0%)
[Performance] AppStatusBar.SetActiveWindowAsPresented                                                                                                                                                                                                 :        1 samples, Peak.  13.8 us (1.0x), Avg.  13.8 us, Total. 13.80 us (0.0%)
[Performance] AppStatusBar.Repaint                                                                                                                                                                                                                    :        5 samples, Peak.  10.8 ms (4.1x), Avg.  2.65 ms, Total. 13.24 ms (0.0%)
[Performance] Application.Tick                                                                                                                                                                                                                        :    21768 samples, Peak.   177 ms (1443.7x), Avg.   122 us, Total. 2.664 s (3.4%)
[Performance] CheckLicensingClient                                                                                                                                                                                                                    :       15 samples, Peak.  43.1 us (1.7x), Avg.  24.8 us, Total. 372.7 us (0.0%)
[Performance] CheckLicensingClientNotification                                                                                                                                                                                                        :       15 samples, Peak.   161 us (5.2x), Avg.  30.9 us, Total. 464.2 us (0.0%)
[Performance] LicenseActivated.Tick                                                                                                                                                                                                                   :        1 samples, Peak.  12.1 us (1.0x), Avg.  12.1 us, Total. 12.10 us (0.0%)
[Performance] Application.TickVersionControl                                                                                                                                                                                                          :    21768 samples, Peak.   289 us (249.2x), Avg.  1.16 us, Total. 25.22 ms (0.0%)
[Performance] MonoCompiler.Tick                                                                                                                                                                                                                       :      360 samples, Peak.  1.06 ms (53.7x), Avg.  19.7 us, Total. 7.074 ms (0.0%)
[Performance] UnityConnect.Tick                                                                                                                                                                                                                       :     1397 samples, Peak.  3.59 ms (406.5x), Avg.  8.83 us, Total. 12.33 ms (0.0%)
[Performance] UnityConnect.PollInfo                                                                                                                                                                                                                   :       15 samples, Peak.   700 ns (1.7x), Avg.   407 ns, Total. 6.100 us (0.0%)
[Performance] UnityVersionControl.Tick                                                                                                                                                                                                                :     1396 samples, Peak.  34.2 us (19.9x), Avg.  1.72 us, Total. 2.398 ms (0.0%)
[Performance] CurlRequest.Tick                                                                                                                                                                                                                        :      712 samples, Peak.   245 us (118.0x), Avg.  2.08 us, Total. 1.479 ms (0.0%)
[Performance] HubClient.Tick                                                                                                                                                                                                                          :      712 samples, Peak.  12.9 ms (636.1x), Avg.  20.3 us, Total. 14.46 ms (0.0%)
[Performance] AssetDatabase.Tick                                                                                                                                                                                                                      :      712 samples, Peak.   180 us (233.4x), Avg.   772 ns, Total. 549.5 us (0.0%)
[Performance] SceneBackgroundTask.Tick                                                                                                                                                                                                                :      477 samples, Peak.  1.80 us (2.6x), Avg.   684 ns, Total. 326.2 us (0.0%)
[Performance] Scheduler.Tick                                                                                                                                                                                                                          :     6269 samples, Peak.  8.12 ms (225.8x), Avg.  36.0 us, Total. 225.5 ms (0.3%)
[Performance] PlayerUpdates.Tick                                                                                                                                                                                                                      :     1396 samples, Peak.  1.13 ms (26.0x), Avg.  43.5 us, Total. 60.68 ms (0.1%)
[Performance] Application.TickGlobalCallbacks                                                                                                                                                                                                         :    21768 samples, Peak.  7.86 ms (603.3x), Avg.  13.0 us, Total. 283.5 ms (0.4%)
[Performance] CoreBusinessMetrics.Tick                                                                                                                                                                                                                :        2 samples, Peak.   139 us (1.1x), Avg.   124 us, Total. 247.2 us (0.0%)
[Performance] EditorAnalytics.Tick                                                                                                                                                                                                                    :      288 samples, Peak.   220 us (23.2x), Avg.  9.48 us, Total. 2.729 ms (0.0%)
[Performance] InactiveGI.Tick                                                                                                                                                                                                                         :      282 samples, Peak.  1.10 ms (10.5x), Avg.   105 us, Total. 29.55 ms (0.0%)
[Performance] Video.Update                                                                                                                                                                                                                            :    21768 samples, Peak.   418 us (627.7x), Avg.   666 ns, Total. 14.51 ms (0.0%)
[Performance] UnitySynchronization.ExecuteTasks                                                                                                                                                                                                       :     1396 samples, Peak.   876 us (105.3x), Avg.  8.32 us, Total. 11.61 ms (0.0%)
[Performance] Application.TickPreloadManager                                                                                                                                                                                                          :    21768 samples, Peak.   971 us (162.7x), Avg.  5.97 us, Total. 129.9 ms (0.2%)
[Performance] Application.TickProgress                                                                                                                                                                                                                :    21768 samples, Peak.  3.37 ms (3394.4x), Avg.   994 ns, Total. 21.64 ms (0.0%)
[Performance] Application.TickSceneTracker                                                                                                                                                                                                            :    21768 samples, Peak.   173 ms (4777.5x), Avg.  36.3 us, Total. 790.4 ms (1.0%)
[Performance] EditorApplication.update                                                                                                                                                                                                                :    21768 samples, Peak.   173 ms (5659.8x), Avg.  30.6 us, Total. 667.1 ms (0.8%)
[Performance] EditorApplication.update: Unity.PlasticSCM.Editor.Hub.ProcessCommand.RunOnceWhenAccessTokenIsInitialized                                                                                                                                :      189 samples, Peak.  3.12 ms (159.7x), Avg.  19.5 us, Total. 3.692 ms (0.0%)
[Performance] EditorApplication.update: UnityEditor.Purchasing.UnityPurchasingEditor.ListingCurrentPackageProgress                                                                                                                                    :        3 samples, Peak.  3.31 ms (2.1x), Avg.  1.61 ms, Total. 4.828 ms (0.0%)
[Performance] EditorApplication.update: UnityEditor.PackageManager.UI.Internal.ApplicationProxy.OnUpdate                                                                                                                                              :    21768 samples, Peak.  2.62 ms (523.9x), Avg.  5.00 us, Total. 108.9 ms (0.1%)
[Performance] EditorApplication.update: UnityEditor.PackageManager.UI.Internal.UpmBaseOperation`1[[UnityEditor.PackageManager.Requests.GetRegistriesRequest, UnityEditor.CoreModule, Version=0.0.0.0, Culture=neutral, PublicKeyToken=null]].Progress :        4 samples, Peak.  2.26 ms (3.8x), Avg.   598 us, Total. 2.393 ms (0.0%)
[Performance] EditorApplication.update: UnityEditor.SceneManagement.StageNavigationManager.Update                                                                                                                                                     :    21768 samples, Peak.   332 us (606.4x), Avg.   548 ns, Total. 11.93 ms (0.0%)
[Performance] EditorApplication.update: UnityEditor.HostView.SendUpdate                                                                                                                                                                               :    21768 samples, Peak.   439 us (114.0x), Avg.  3.85 us, Total. 83.86 ms (0.1%)
[Performance] EditorApplication.update: UnityEditor.Toolbars.AccountDropdown.CheckAvailability                                                                                                                                                        :    21768 samples, Peak.   176 us (89.3x), Avg.  1.97 us, Total. 42.86 ms (0.1%)
[Performance] EditorApplication.update: UnityEditor.Toolbars.CloudButton.CheckAvailability                                                                                                                                                            :    21768 samples, Peak.   180 us (307.8x), Avg.   583 ns, Total. 12.69 ms (0.0%)
[Performance] EditorApplication.update: UnityEditor.Toolbars.PreviewPackagesInUseDropdown.CheckAvailability                                                                                                                                           :    21768 samples, Peak.   193 us (275.2x), Avg.   700 ns, Total. 15.24 ms (0.0%)
[Performance] EditorApplication.update: UnityEditor.GameView.RepaintIfNeeded                                                                                                                                                                          :    21768 samples, Peak.   412 us (188.8x), Avg.  2.18 us, Total. 47.44 ms (0.1%)
[Performance] EditorApplication.update: UnityEditor.PackageManager.UI.Internal.UpmBaseOperation`1[[UnityEditor.PackageManager.Requests.ListRequest, UnityEditor.CoreModule, Version=0.0.0.0, Culture=neutral, PublicKeyToken=null]].Progress          :       15 samples, Peak.  30.2 ms (14.0x), Avg.  2.15 ms, Total. 32.32 ms (0.0%)
[Performance] Package.AsyncRequest                                                                                                                                                                                                                    :       44 samples, Peak.   847 us (22.7x), Avg.  37.2 us, Total. 1.638 ms (0.0%)
[Performance] Tooltip.Tick                                                                                                                                                                                                                            :     1397 samples, Peak.   633 us (31.1x), Avg.  20.4 us, Total. 28.47 ms (0.0%)
[Performance] RequestRepaintForPanels                                                                                                                                                                                                                 :    20513 samples, Peak.   832 us (216.2x), Avg.  3.85 us, Total. 78.95 ms (0.1%)
[Performance] PackageImporter.Tick                                                                                                                                                                                                                    :      360 samples, Peak.  1.50 us (2.7x), Avg.   546 ns, Total. 196.5 us (0.0%)
[Performance] InspectorBackground.Tick                                                                                                                                                                                                                :      477 samples, Peak.  24.0 us (33.3x), Avg.   720 ns, Total. 343.3 us (0.0%)
[Performance] BurstDebug.Tick                                                                                                                                                                                                                         :      145 samples, Peak.  1.80 us (1.9x), Avg.   937 ns, Total. 135.8 us (0.0%)
[Performance] ConsoleLog.Tick                                                                                                                                                                                                                         :      360 samples, Peak.  22.7 us (11.5x), Avg.  1.98 us, Total. 712.4 us (0.0%)
[Performance] Application.ChangeLayoutIfNeeded                                                                                                                                                                                                        :    21768 samples, Peak.   169 us (1666.8x), Avg.   102 ns, Total. 2.211 ms (0.0%)
[Performance] AsyncReadManager.ForceCloseFiles                                                                                                                                                                                                        :       73 samples, Peak.   104 us (31.5x), Avg.  3.30 us, Total. 240.9 us (0.0%)
[Performance] GUIView.RepaintAll.RequestRepaint                                                                                                                                                                                                       :    20513 samples, Peak.  12.2 ms (5410.0x), Avg.  2.26 us, Total. 46.39 ms (0.1%)
[Performance] Application.Idle                                                                                                                                                                                                                        :    21730 samples, Peak.  33.9 ms (10.8x), Avg.  3.15 ms, Total. 68.46 s (86.5%)
[Performance] EditorApplication.update: UnityEditor.Purchasing.UnityPurchasingEditor.SearchingAvailablePackageProgress                                                                                                                                :      637 samples, Peak.   173 ms (627.7x), Avg.   276 us, Total. 176.0 ms (0.2%)
[Performance] AssetDatabase.Refresh                                                                                                                                                                                                                   :        1 samples, Peak.  19.1 ms (1.0x), Avg.  19.1 ms, Total. 19.13 ms (0.0%)
[Performance] Application.Message.NonClientMouseMove                                                                                                                                                                                                  :      249 samples, Peak.   281 us (52.4x), Avg.  5.38 us, Total. 1.339 ms (0.0%)
[Performance] RepaintAllProfilerWindows                                                                                                                                                                                                               :        3 samples, Peak.   611 us (3.0x), Avg.   206 us, Total. 617.3 us (0.0%)
[Performance] GI.Tick                                                                                                                                                                                                                                 :       29 samples, Peak.   112 us (1.7x), Avg.  67.2 us, Total. 1.948 ms (0.0%)
[Performance] HierarchyWindow.Tick                                                                                                                                                                                                                    :       10 samples, Peak.  2.03 ms (10.0x), Avg.   203 us, Total. 2.029 ms (0.0%)
[Performance] Toolbar.OnHierarchyChange                                                                                                                                                                                                               :        1 samples, Peak.  12.4 us (1.0x), Avg.  12.4 us, Total. 12.40 us (0.0%)
[Performance] SceneHierarchyWindow.OnHierarchyChange                                                                                                                                                                                                  :        1 samples, Peak.   153 us (1.0x), Avg.   153 us, Total. 153.1 us (0.0%)
[Performance] GameView.OnHierarchyChange                                                                                                                                                                                                              :        1 samples, Peak.  2.40 us (1.0x), Avg.  2.40 us, Total. 2.400 us (0.0%)
[Performance] ProjectBrowser.OnHierarchyChange                                                                                                                                                                                                        :        1 samples, Peak.  1.10 us (1.0x), Avg.  1.10 us, Total. 1.100 us (0.0%)
[Performance] InspectorWindow.OnHierarchyChange                                                                                                                                                                                                       :        1 samples, Peak.   900 ns (1.0x), Avg.   900 ns, Total. 900.0 ns (0.0%)
[Performance] AppStatusBar.OnHierarchyChange                                                                                                                                                                                                          :        1 samples, Peak.  6.70 us (1.0x), Avg.  6.70 us, Total. 6.700 us (0.0%)
[Performance] EditorApplication.hierarchyChanged: Unity.UIElements.Editor.UIDocumentHierarchyWatcher.OnHierarchyChanged                                                                                                                               :        1 samples, Peak.   549 us (1.0x), Avg.   549 us, Total. 549.1 us (0.0%)
[Performance] EditorApplication.hierarchyChanged: UnityEditor.Tilemaps.SceneViewGridManager.UpdateCache                                                                                                                                               :        1 samples, Peak.  7.10 us (1.0x), Avg.  7.10 us, Total. 7.100 us (0.0%)
[Performance] EditorApplication.hierarchyChanged: UnityEditor.Tilemaps.SceneViewOpenTilePaletteHelper.SelectionChanged                                                                                                                                :        1 samples, Peak.  69.5 us (1.0x), Avg.  69.5 us, Total. 69.50 us (0.0%)
[Performance] Inspector.Tick                                                                                                                                                                                                                          :       10 samples, Peak.  9.23 ms (9.3x), Avg.   992 us, Total. 9.917 ms (0.0%)
[Performance] Toolbar.OnInspectorUpdate                                                                                                                                                                                                               :       10 samples, Peak.  22.5 us (1.5x), Avg.  15.1 us, Total. 150.9 us (0.0%)
[Performance] SceneHierarchyWindow.OnInspectorUpdate                                                                                                                                                                                                  :       10 samples, Peak.  88.5 us (5.9x), Avg.  15.1 us, Total. 151.2 us (0.0%)
[Performance] GameView.OnInspectorUpdate                                                                                                                                                                                                              :       10 samples, Peak.  2.30 us (1.8x), Avg.  1.26 us, Total. 12.60 us (0.0%)
[Performance] ProjectBrowser.OnInspectorUpdate                                                                                                                                                                                                        :       10 samples, Peak.   182 us (8.4x), Avg.  21.8 us, Total. 218.0 us (0.0%)
[Performance] InspectorWindow.OnInspectorUpdate                                                                                                                                                                                                       :       10 samples, Peak.   567 us (9.5x), Avg.  59.5 us, Total. 594.5 us (0.0%)
[Performance] AppStatusBar.OnInspectorUpdate                                                                                                                                                                                                          :       10 samples, Peak.   233 us (4.3x), Avg.  54.2 us, Total. 541.6 us (0.0%)
[Performance] EditorApplication.delayCall: UnityEditor.ShortcutManagement.ShortcutIntegration.EnsureShortcutsAreInitialized                                                                                                                           :        1 samples, Peak.  2.93 ms (1.0x), Avg.  2.93 ms, Total. 2.931 ms (0.0%)
[Performance] EditorApplication.delayCall: callback in UnityEditor.Purchasing.UnityPurchasingEditor                                                                                                                                                   :        1 samples, Peak.  1.58 ms (1.0x), Avg.  1.58 ms, Total. 1.578 ms (0.0%)
[Performance] EditorApplication.delayCall: callback in UnityEditor.AI.NavMeshEditorHelpers                                                                                                                                                            :        1 samples, Peak.  38.5 us (1.0x), Avg.  38.5 us, Total. 38.50 us (0.0%)
[Performance] EditorApplication.delayCall: callback in UnityEditor.SceneVisibilityManager                                                                                                                                                             :        1 samples, Peak.  54.9 us (1.0x), Avg.  54.9 us, Total. 54.90 us (0.0%)
[Performance] EditorApplication.delayCall: callback in UnityEditor.EditorWindow                                                                                                                                                                       :        1 samples, Peak.  32.0 us (1.0x), Avg.  32.0 us, Total. 32.00 us (0.0%)
[Performance] EditorApplication.delayCall: callback in UnityEditor.EditorTools.ToolShortcutContext                                                                                                                                                    :        1 samples, Peak.  33.9 us (1.0x), Avg.  33.9 us, Total. 33.90 us (0.0%)
[Performance] EditorApplication.delayCall: UnityEditor.Toolbars.PlayModeButtons.<.ctor>b__7_1                                                                                                                                                         :        1 samples, Peak.  36.2 us (1.0x), Avg.  36.2 us, Total. 36.20 us (0.0%)
[Performance] EditorApplication.delayCall: UnityEditor.Toolbars.LayoutDropdown.CheckAvailability                                                                                                                                                      :        1 samples, Peak.  6.40 us (1.0x), Avg.  6.40 us, Total. 6.400 us (0.0%)
[Performance] EditorApplication.delayCall: UnityEditor.Toolbars.LayersDropdown.CheckAvailability                                                                                                                                                      :        1 samples, Peak.  2.90 us (1.0x), Avg.  2.90 us, Total. 2.900 us (0.0%)
[Performance] EditorApplication.delayCall: UnityEditor.Toolbars.ModesDropdown.CheckAvailability                                                                                                                                                       :        1 samples, Peak.  5.90 us (1.0x), Avg.  5.90 us, Total. 5.900 us (0.0%)
[Performance] EditorApplication.delayCall: UnityEditor.Search.SearchButton.DelayInitialization                                                                                                                                                        :        1 samples, Peak.  1.83 ms (1.0x), Avg.  1.83 ms, Total. 1.826 ms (0.0%)
[Performance] EditorApplication.delayCall: UnityEditor.Toolbars.UndoButton.DelayInitialization                                                                                                                                                        :        1 samples, Peak.   400 us (1.0x), Avg.   400 us, Total. 400.5 us (0.0%)
[Performance] EditorApplication.delayCall: UnityEditor.EditorTools.EditorToolContext.Activate                                                                                                                                                         :        1 samples, Peak.  1.90 us (1.0x), Avg.  1.90 us, Total. 1.900 us (0.0%)
[Performance] EditorApplication.delayCall: UnityEditor.SearchService.OpenSearchHelper.UpdateBindingAndTooltip                                                                                                                                         :        1 samples, Peak.   690 us (1.0x), Avg.   690 us, Total. 689.7 us (0.0%)
[Performance] Application.RequestRepaintForPanels                                                                                                                                                                                                     :     1255 samples, Peak.  29.3 us (14.5x), Avg.  2.02 us, Total. 2.539 ms (0.0%)
[Performance] Application.UpdateScene                                                                                                                                                                                                                 :     1255 samples, Peak.  9.87 ms (372.3x), Avg.  26.5 us, Total. 33.27 ms (0.0%)
[Performance] Application.UpdateTextureStreaming                                                                                                                                                                                                      :     1255 samples, Peak.   800 ns (5.4x), Avg.   149 ns, Total. 186.4 us (0.0%)
[Performance] Application.UpdateVideoTextures                                                                                                                                                                                                         :     1255 samples, Peak.  29.4 us (199.3x), Avg.   147 ns, Total. 185.1 us (0.0%)
[Performance] Application.Message.WM_00465                                                                                                                                                                                                            :        1 samples, Peak.  13.6 us (1.0x), Avg.  13.6 us, Total. 13.60 us (0.0%)
[Performance] Application.Message.WM_083F1                                                                                                                                                                                                            :        4 samples, Peak.  40.4 us (2.2x), Avg.  18.2 us, Total. 72.90 us (0.0%)
[Performance] Application.Message.WM_00060                                                                                                                                                                                                            :        4 samples, Peak.  1.70 us (2.3x), Avg.   750 ns, Total. 3.000 us (0.0%)
[Performance] Application.Message.WM_083F0                                                                                                                                                                                                            :        1 samples, Peak.  5.30 us (1.0x), Avg.  5.30 us, Total. 5.300 us (0.0%)
[Performance] GUIView.RepaintAll.RepaintScene                                                                                                                                                                                                         :     1251 samples, Peak.  2.78 ms (236.3x), Avg.  11.8 us, Total. 14.71 ms (0.0%)
[Performance] Application.Message.Input                                                                                                                                                                                                               :      745 samples, Peak.  17.9 us (6.7x), Avg.  2.67 us, Total. 1.988 ms (0.0%)
[Performance] Application.Message.WM_002A2                                                                                                                                                                                                            :        1 samples, Peak.  2.90 us (1.0x), Avg.  2.90 us, Total. 2.900 us (0.0%)
[Performance] Application.Message.MouseMove                                                                                                                                                                                                           :      385 samples, Peak.  41.0 ms (249.2x), Avg.   165 us, Total. 63.36 ms (0.1%)
[Performance] Toolbar.Ignore                                                                                                                                                                                                                          :        2 samples, Peak.   800 ns (1.8x), Avg.   450 ns, Total. 900.0 ns (0.0%)
[Performance] Toolbar.MouseMove                                                                                                                                                                                                                       :       29 samples, Peak.  41.0 ms (28.3x), Avg.  1.44 ms, Total. 41.90 ms (0.1%)
[Performance] Application.Message.MouseLeave                                                                                                                                                                                                          :        5 samples, Peak.  7.25 ms (4.0x), Avg.  1.83 ms, Total. 9.165 ms (0.0%)
[Performance] Toolbar.MouseLeaveWindow                                                                                                                                                                                                                :        2 samples, Peak.  7.21 ms (2.0x), Avg.  3.65 ms, Total. 7.306 ms (0.0%)
[Performance] InspectorWindow.MouseMove                                                                                                                                                                                                               :        2 samples, Peak.   650 us (1.1x), Avg.   601 us, Total. 1.202 ms (0.0%)
[Performance] InspectorWindow.MouseLeaveWindow                                                                                                                                                                                                        :        2 samples, Peak.  1.45 ms (1.8x), Avg.   792 us, Total. 1.584 ms (0.0%)
[Performance] GameView.Ignore                                                                                                                                                                                                                         :        1 samples, Peak.   500 ns (1.0x), Avg.   500 ns, Total. 500.0 ns (0.0%)
[Performance] GameView.MouseMove                                                                                                                                                                                                                      :      351 samples, Peak.   134 us (3.0x), Avg.  44.5 us, Total. 15.62 ms (0.0%)
[Performance] Application.Message.MouseHover                                                                                                                                                                                                          :        1 samples, Peak.  1.69 ms (1.0x), Avg.  1.69 ms, Total. 1.689 ms (0.0%)
[Performance] GameView.MouseEnterWindow                                                                                                                                                                                                               :        1 samples, Peak.  1.62 ms (1.0x), Avg.  1.62 ms, Total. 1.620 ms (0.0%)
[Performance] GameView.MouseLeaveWindow                                                                                                                                                                                                               :        1 samples, Peak.  61.1 us (1.0x), Avg.  61.1 us, Total. 61.10 us (0.0%)
[Performance] Application.Shutdown.SaveDefaultWindowPreferences                                                                                                                                                                                       :        1 samples, Peak.  27.1 ms (1.0x), Avg.  27.1 ms, Total. 27.14 ms (0.0%)
[Performance] Application.Shutdown.SaveSceneManagerSetup                                                                                                                                                                                              :        1 samples, Peak.   165 us (1.0x), Avg.   165 us, Total. 165.3 us (0.0%)
[Performance] Application.Shutdown.CleanupAllContainerWindows                                                                                                                                                                                         :        1 samples, Peak.   800 ns (1.0x), Avg.   800 ns, Total. 800.0 ns (0.0%)
[Performance] EditorApplication.quitting: UnityEditor.Search.SearchMonitor.OnQuitting                                                                                                                                                                 :        1 samples, Peak.  1.28 ms (1.0x), Avg.  1.28 ms, Total. 1.283 ms (0.0%)
[Performance] EditorApplication.quitting: UnityEditor.Tilemaps.SceneViewGridManager.EditorQuitting                                                                                                                                                    :        1 samples, Peak.  85.1 us (1.0x), Avg.  85.1 us, Total. 85.10 us (0.0%)
[Performance] EditorApplication.quitting: callback in UnityEditor.TextCore.Text.EditorEventCallbacks                                                                                                                                                  :        1 samples, Peak.  5.57 ms (1.0x), Avg.  5.57 ms, Total. 5.573 ms (0.0%)
[Performance] Application.Shutdown.PauseProfilerSession                                                                                                                                                                                               :        1 samples, Peak.  56.6 us (1.0x), Avg.  56.6 us, Total. 56.60 us (0.0%)
[Performance] Application.Shutdown.PauseAssetImportWorkers                                                                                                                                                                                            :        1 samples, Peak.   305 us (1.0x), Avg.   305 us, Total. 305.2 us (0.0%)
[Performance] Application.Shutdown.SaveAssets                                                                                                                                                                                                         :        1 samples, Peak.  11.5 ms (1.0x), Avg.  11.5 ms, Total. 11.48 ms (0.0%)
[Performance] PaletteAssetModificationProcessor.OnWillSaveAssets                                                                                                                                                                                      :        1 samples, Peak.  2.94 ms (1.0x), Avg.  2.94 ms, Total. 2.943 ms (0.0%)
[Performance] AssetModificationProcessor.OnWillSaveAssets                                                                                                                                                                                             :        1 samples, Peak.   283 us (1.0x), Avg.   283 us, Total. 283.4 us (0.0%)
[Performance] UnityCloudProjectLinkMonitor.OnWillSaveAssets                                                                                                                                                                                           :        1 samples, Peak.   269 us (1.0x), Avg.   269 us, Total. 269.3 us (0.0%)
[Performance] BuilderAssetModificationProcessor.OnWillSaveAssets                                                                                                                                                                                      :        1 samples, Peak.   672 us (1.0x), Avg.   672 us, Total. 671.9 us (0.0%)
[Performance] TerrainModificationProcessor.OnWillSaveAssets                                                                                                                                                                                           :        1 samples, Peak.  1.03 ms (1.0x), Avg.  1.03 ms, Total. 1.033 ms (0.0%)
[Performance] Application.Shutdown.CleanupRenderPipeline                                                                                                                                                                                              :        1 samples, Peak.  6.80 us (1.0x), Avg.  6.80 us, Total. 6.800 us (0.0%)
[Performance] Application.Shutdown.StopPreloadManager                                                                                                                                                                                                 :        1 samples, Peak.  9.81 ms (1.0x), Avg.  9.81 ms, Total. 9.811 ms (0.0%)
[Performance] Application.Shutdown.DestroyWorld                                                                                                                                                                                                       :        1 samples, Peak.   694 us (1.0x), Avg.   694 us, Total. 694.1 us (0.0%)
[Performance] Application.Shutdown.CleanupAfterLoad                                                                                                                                                                                                   :        1 samples, Peak.  5.67 ms (1.0x), Avg.  5.67 ms, Total. 5.674 ms (0.0%)
[Performance] Application.Shutdown.Progress                                                                                                                                                                                                           :        1 samples, Peak.  2.80 us (1.0x), Avg.  2.80 us, Total. 2.800 us (0.0%)
[Performance] Application.Shutdown.GICleanupManagers                                                                                                                                                                                                  :        1 samples, Peak.   531 us (1.0x), Avg.   531 us, Total. 531.0 us (0.0%)
[Performance] Application.Shutdown.MenuCleanupClass                                                                                                                                                                                                   :        1 samples, Peak.   193 us (1.0x), Avg.   193 us, Total. 192.7 us (0.0%)
[Performance] Application.Shutdown.ADBSaveStateBeforeShutdown                                                                                                                                                                                         :        1 samples, Peak.   917 us (1.0x), Avg.   917 us, Total. 917.2 us (0.0%)
[Performance] Application.Shutdown.RemoteShutdown                                                                                                                                                                                                     :        1 samples, Peak.  1.20 us (1.0x), Avg.  1.20 us, Total. 1.200 us (0.0%)
[Performance] Application.Shutdown.CleanupVCProvider                                                                                                                                                                                                  :        1 samples, Peak.  11.4 us (1.0x), Avg.  11.4 us, Total. 11.40 us (0.0%)
[Performance] Application.Shutdown.InputShutdown                                                                                                                                                                                                      :        1 samples, Peak.   137 us (1.0x), Avg.   137 us, Total. 136.9 us (0.0%)
[Performance] Application.Shutdown.GizmoManagerDestroy                                                                                                                                                                                                :        1 samples, Peak.   755 us (1.0x), Avg.   755 us, Total. 755.2 us (0.0%)
[Performance] Application.Shutdown.ProfilerSession                                                                                                                                                                                                    :        1 samples, Peak.   106 us (1.0x), Avg.   106 us, Total. 106.4 us (0.0%)
[Performance] Application.Shutdown.ReleaseGfxWindowOnAllGUIViews                                                                                                                                                                                      :        1 samples, Peak.   119 us (1.0x), Avg.   119 us, Total. 119.0 us (0.0%)
[Performance] Application.Shutdown.CleanupEngine                                                                                                                                                                                                      :        1 samples, Peak.   128 ms (1.0x), Avg.   128 ms, Total. 128.2 ms (0.2%)
[Performance] Application.Shutdown.CleanupAssetDatabase                                                                                                                                                                                               :        1 samples, Peak.  8.16 ms (1.0x), Avg.  8.16 ms, Total. 8.165 ms (0.0%)
[Performance] Application.Shutdown.ScriptCompilationCleanUp                                                                                                                                                                                           :        1 samples, Peak.  15.1 ms (1.0x), Avg.  15.1 ms, Total. 15.13 ms (0.0%)
[Performance] Application.Shutdown.DestroyJobSystem                                                                                                                                                                                                   :        1 samples, Peak.   192 us (1.0x), Avg.   192 us, Total. 191.8 us (0.0%)
[Performance] Application.Shutdown.CleanupPersistentManager                                                                                                                                                                                           :        1 samples, Peak.   690 us (1.0x), Avg.   690 us, Total. 689.8 us (0.0%)
[Performance] Application.Shutdown.CleanupAsyncReadManager                                                                                                                                                                                            :        1 samples, Peak.   395 us (1.0x), Avg.   395 us, Total. 395.0 us (0.0%)
[Performance] Application.Shutdown.CleanupProgressBar                                                                                                                                                                                                 :        1 samples, Peak. 10.00 us (1.0x), Avg. 10.00 us, Total. 10.000 us (0.0%)
[Performance] Application.Shutdown.CleanupMono                                                                                                                                                                                                        :        1 samples, Peak.  70.0 ms (1.0x), Avg.  70.0 ms, Total. 70.02 ms (0.1%)
[Performance] Application.Shutdown.CleanupStdConverters                                                                                                                                                                                               :        1 samples, Peak.  7.50 us (1.0x), Avg.  7.50 us, Total. 7.500 us (0.0%)
[Performance] Application.Shutdown.UnloadAllPlatformSupportModuleNativeDlls                                                                                                                                                                           :        1 samples, Peak.   600 ns (1.0x), Avg.   600 ns, Total. 600.0 ns (0.0%)
[Performance] Application.Shutdown.UnloadAllPlatformSupportNativeLibraries                                                                                                                                                                            :        1 samples, Peak. 100.0 ns (1.0x), Avg. 100.0 ns, Total. 100.00 ns (0.0%)
[Performance] Application.Shutdown.CleanupAutoDocumentation                                                                                                                                                                                           :        1 samples, Peak.   469 us (1.0x), Avg.   469 us, Total. 469.1 us (0.0%)
[Performance] Application.Shutdown.ShaderNameManagerDestroy                                                                                                                                                                                           :        1 samples, Peak.  84.1 us (1.0x), Avg.  84.1 us, Total. 84.10 us (0.0%)
[Performance] Application.Shutdown.CleanupCacheServer                                                                                                                                                                                                 :        1 samples, Peak.   200 ns (1.0x), Avg.   200 ns, Total. 200.0 ns (0.0%)
[Performance] Application.Shutdown.Virtualization_Shutdown                                                                                                                                                                                            :        1 samples, Peak.   500 ns (1.0x), Avg.   500 ns, Total. 500.0 ns (0.0%)
[Performance] Application.Shutdown.DevConnections                                                                                                                                                                                                     :        1 samples, Peak.   186 us (1.0x), Avg.   186 us, Total. 186.4 us (0.0%)
Checking for leaked weakptr:
  Found no leaked weakptrs.
[Package Manager] Server::Kill -- Server was shutdown
Memory Statistics:
[ALLOC_TEMP_TLS] TLS Allocator
  StackAllocators : 
    [ALLOC_TEMP_CurlRequest]
      Initial Block Size 64.0 KB
      Current Block Size 64.0 KB
      Peak Allocated Bytes 0 B
      Overflow Count 0
    [ALLOC_TEMP_MAIN]
      Peak usage frame count: [4.0 KB-8.0 KB]: 3 frames, [8.0 MB-16.0 MB]: 1 frames
      Initial Block Size 16.0 MB
      Current Block Size 16.0 MB
      Peak Allocated Bytes 9.8 MB
      Overflow Count 0
    [ALLOC_TEMP_Background Job.Worker 8]
      Initial Block Size 32.0 KB
      Current Block Size 32.0 KB
      Peak Allocated Bytes 54 B
      Overflow Count 0
    [ALLOC_TEMP_Job.Worker 4]
      Initial Block Size 256.0 KB
      Current Block Size 1.3 MB
      Peak Allocated Bytes 1.3 MB
      Overflow Count 0
    [ALLOC_TEMP_AUDIO_FMOD mixer thread] x 2
      Initial Block Size 64.0 KB
      Current Block Size 64.0 KB
      Peak Allocated Bytes 54 B
      Overflow Count 0
    [ALLOC_TEMP_BakingJobs.Worker 5]
      Initial Block Size 256.0 KB
      Current Block Size 256.0 KB
      Peak Allocated Bytes 54 B
      Overflow Count 0
    [ALLOC_TEMP_Background Job.Worker 11]
      Initial Block Size 32.0 KB
      Current Block Size 32.0 KB
      Peak Allocated Bytes 54 B
      Overflow Count 0
    [ALLOC_TEMP_Background Job.Worker 3]
      Initial Block Size 32.0 KB
      Current Block Size 32.0 KB
      Peak Allocated Bytes 1.9 KB
      Overflow Count 0
    [ALLOC_TEMP_BatchDeleteObjects]
      Initial Block Size 64.0 KB
      Current Block Size 64.0 KB
      Peak Allocated Bytes 54 B
      Overflow Count 0
    [ALLOC_TEMP_EditorProgressBar]
      Initial Block Size 64.0 KB
      Current Block Size 64.0 KB
      Peak Allocated Bytes 16.9 KB
      Overflow Count 1
    [ALLOC_TEMP_REST Message Handler]
      Initial Block Size 64.0 KB
      Current Block Size 64.0 KB
      Peak Allocated Bytes 54 B
      Overflow Count 0
    [ALLOC_TEMP_CoreBusinessMetricsCache]
      Initial Block Size 64.0 KB
      Current Block Size 64.0 KB
      Peak Allocated Bytes 8.0 KB
      Overflow Count 0
    [ALLOC_TEMP_AssetDatabase.IOService]
      Initial Block Size 64.0 KB
      Current Block Size 64.0 KB
      Peak Allocated Bytes 54 B
      Overflow Count 0
    [ALLOC_TEMP_Background Job.Worker 2]
      Initial Block Size 32.0 KB
      Current Block Size 32.0 KB
      Peak Allocated Bytes 2.0 KB
      Overflow Count 0
    [ALLOC_TEMP_Loading.PreloadManager]
      Initial Block Size 32.0 MB
      Current Block Size 32.0 MB
      Peak Allocated Bytes 54 B
      Overflow Count 0
    [ALLOC_TEMP_Profiler.Dispatcher]
      Initial Block Size 64.0 KB
      Current Block Size 64.0 KB
      Peak Allocated Bytes 0 B
      Overflow Count 0
    [ALLOC_TEMP_Job.Worker 3]
      Initial Block Size 256.0 KB
      Current Block Size 256.0 KB
      Peak Allocated Bytes 4.6 KB
      Overflow Count 1
    [ALLOC_TEMP_BakingJobs.Worker 7]
      Initial Block Size 256.0 KB
      Current Block Size 256.0 KB
      Peak Allocated Bytes 54 B
      Overflow Count 0
    [ALLOC_TEMP_Background Job.Worker 5]
      Initial Block Size 32.0 KB
      Current Block Size 32.0 KB
      Peak Allocated Bytes 54 B
      Overflow Count 0
    [ALLOC_TEMP_CurlRequest]
      Initial Block Size 64.0 KB
      Current Block Size 64.0 KB
      Peak Allocated Bytes 2.6 KB
      Overflow Count 0
    [ALLOC_TEMP_Background Job.Worker 13]
      Initial Block Size 32.0 KB
      Current Block Size 32.0 KB
      Peak Allocated Bytes 54 B
      Overflow Count 0
    [ALLOC_TEMP_Job.Worker 2]
      Initial Block Size 256.0 KB
      Current Block Size 1.3 MB
      Peak Allocated Bytes 1.3 MB
      Overflow Count 0
    [ALLOC_TEMP_BakingJobs.Worker 6]
      Initial Block Size 256.0 KB
      Current Block Size 256.0 KB
      Peak Allocated Bytes 54 B
      Overflow Count 0
    [ALLOC_TEMP_Job.Worker 0]
      Initial Block Size 256.0 KB
      Current Block Size 256.0 KB
      Peak Allocated Bytes 1.2 KB
      Overflow Count 0
    [ALLOC_TEMP_Job.Worker 5]
      Initial Block Size 256.0 KB
      Current Block Size 1.3 MB
      Peak Allocated Bytes 1.3 MB
      Overflow Count 0
    [ALLOC_TEMP_Job.Worker 6]
      Initial Block Size 256.0 KB
      Current Block Size 256.0 KB
      Peak Allocated Bytes 1.6 KB
      Overflow Count 1
    [ALLOC_TEMP_Background Job.Worker 9]
      Initial Block Size 32.0 KB
      Current Block Size 32.0 KB
      Peak Allocated Bytes 54 B
      Overflow Count 0
    [ALLOC_TEMP_DirMonitor]
      Initial Block Size 64.0 KB
      Current Block Size 64.0 KB
      Peak Allocated Bytes 0.6 KB
      Overflow Count 0
    [ALLOC_TEMP_BakingJobs.Worker 1]
      Initial Block Size 256.0 KB
      Current Block Size 1.0 MB
      Peak Allocated Bytes 1.0 MB
      Overflow Count 1
    [ALLOC_TEMP_Loading.AsyncRead]
      Initial Block Size 64.0 KB
      Current Block Size 64.0 KB
      Peak Allocated Bytes 128 B
      Overflow Count 0
    [ALLOC_TEMP_Background Job.Worker 10]
      Initial Block Size 32.0 KB
      Current Block Size 32.0 KB
      Peak Allocated Bytes 54 B
      Overflow Count 0
    [ALLOC_TEMP_Background Job.Worker 6]
      Initial Block Size 32.0 KB
      Current Block Size 32.0 KB
      Peak Allocated Bytes 54 B
      Overflow Count 0
    [ALLOC_TEMP_AUDIO_FMOD (WASAPI) feeder thread] x 2
      Initial Block Size 64.0 KB
      Current Block Size 64.0 KB
      Peak Allocated Bytes 168 B
      Overflow Count 0
    [ALLOC_TEMP_Background Job.Worker 1]
      Initial Block Size 32.0 KB
      Current Block Size 32.0 KB
      Peak Allocated Bytes 9.8 KB
      Overflow Count 0
    [ALLOC_TEMP_AUDIO_FMOD stream thread]
      Initial Block Size 64.0 KB
      Current Block Size 64.0 KB
      Peak Allocated Bytes 54 B
      Overflow Count 0
    [ALLOC_TEMP_BakingJobs.Worker 2]
      Initial Block Size 256.0 KB
      Current Block Size 256.0 KB
      Peak Allocated Bytes 54 B
      Overflow Count 0
    [ALLOC_TEMP_Background Job.Worker 7]
      Initial Block Size 32.0 KB
      Current Block Size 32.0 KB
      Peak Allocated Bytes 54 B
      Overflow Count 0
    [ALLOC_TEMP_Background Job.Worker 15]
      Initial Block Size 32.0 KB
      Current Block Size 32.0 KB
      Peak Allocated Bytes 54 B
      Overflow Count 0
    [ALLOC_TEMP_Job.Worker 1]
      Initial Block Size 256.0 KB
      Current Block Size 256.0 KB
      Peak Allocated Bytes 6.2 KB
      Overflow Count 1
    [ALLOC_TEMP_BakingJobs.Worker 0]
      Initial Block Size 256.0 KB
      Current Block Size 256.0 KB
      Peak Allocated Bytes 54 B
      Overflow Count 0
    [ALLOC_TEMP_BakingJobs.Worker 3]
      Initial Block Size 256.0 KB
      Current Block Size 256.0 KB
      Peak Allocated Bytes 54 B
      Overflow Count 0
    [ALLOC_TEMP_EditorTaskManager]
      Initial Block Size 64.0 KB
      Current Block Size 68.0 KB
      Peak Allocated Bytes 64.0 KB
      Overflow Count 0
    [ALLOC_TEMP_BakingJobs.Worker 4]
      Initial Block Size 256.0 KB
      Current Block Size 256.0 KB
      Peak Allocated Bytes 54 B
      Overflow Count 0
    [ALLOC_TEMP_Background Job.Worker 12]
      Initial Block Size 32.0 KB
      Current Block Size 32.0 KB
      Peak Allocated Bytes 54 B
      Overflow Count 0
    [ALLOC_TEMP_HTTP REST Server]
      Initial Block Size 64.0 KB
      Current Block Size 64.0 KB
      Peak Allocated Bytes 76 B
      Overflow Count 0
    [ALLOC_TEMP_AssetGarbageCollectorHelper] x 7
      Initial Block Size 64.0 KB
      Current Block Size 64.0 KB
      Peak Allocated Bytes 0 B
      Overflow Count 0
    [ALLOC_TEMP_Background Job.Worker 0]
      Initial Block Size 32.0 KB
      Current Block Size 32.0 KB
      Peak Allocated Bytes 54 B
      Overflow Count 0
    [ALLOC_TEMP_Background Job.Worker 4]
      Initial Block Size 32.0 KB
      Current Block Size 32.0 KB
      Peak Allocated Bytes 54 B
      Overflow Count 0
    [ALLOC_TEMP_Background Job.Worker 14]
      Initial Block Size 32.0 KB
      Current Block Size 32.0 KB
      Peak Allocated Bytes 54 B
      Overflow Count 0
    [ALLOC_TEMP_UnityGfxDeviceWorker]
      Initial Block Size 256.0 KB
      Current Block Size 256.0 KB
      Peak Allocated Bytes 18.6 KB
      Overflow Count 0
    [ALLOC_TEMP_CloudJob.Worker 0] x 2
      Initial Block Size 32.0 KB
      Current Block Size 32.0 KB
      Peak Allocated Bytes 6.9 KB
      Overflow Count 0
[ALLOC_MEMORYPROFILER]
  Peak usage frame count: [128.0 KB-256.0 KB]: 3 frames, [256.0 KB-0.5 MB]: 1 frames
  Requested Block Size 1.0 MB
  Peak Block count 1
  Peak Allocated memory 448.8 KB
  Peak Large allocation bytes 0 B
[ALLOC_DEFAULT] Dual Thread Allocator
  Peak main deferred allocation count 2377
    [ALLOC_BUCKET]
      Large Block size 32.0 MB
      Used Block count 1
      Peak Allocated bytes 9.8 MB
    [ALLOC_DEFAULT_MAIN]
      Peak usage frame count: [64.0 MB-128.0 MB]: 4 frames
      Requested Block Size 16.0 MB
      Peak Block count 6
      Peak Allocated memory 89.1 MB
      Peak Large allocation bytes 0 B
    [ALLOC_DEFAULT_THREAD]
      Peak usage frame count: [4.0 MB-8.0 MB]: 4 frames
      Requested Block Size 16.0 MB
      Peak Block count 1
      Peak Allocated memory 5.6 MB
      Peak Large allocation bytes 0 B
[ALLOC_TEMP_JOB_1_FRAME]
  Initial Block Size 2.0 MB
  Used Block Count 0
  Overflow Count (too large) 0
  Overflow Count (full) 0
[ALLOC_TEMP_JOB_2_FRAMES]
  Initial Block Size 2.0 MB
  Used Block Count 0
  Overflow Count (too large) 0
  Overflow Count (full) 0
[ALLOC_TEMP_JOB_4_FRAMES (JobTemp)]
  Initial Block Size 2.0 MB
  Used Block Count 1
  Overflow Count (too large) 0
  Overflow Count (full) 0
[ALLOC_TEMP_JOB_ASYNC (Background)]
  Initial Block Size 1.0 MB
  Used Block Count 1
  Overflow Count (too large) 0
  Overflow Count (full) 0
[ALLOC_GFX] Dual Thread Allocator
  Peak main deferred allocation count 6
    [ALLOC_BUCKET]
      Large Block size 32.0 MB
      Used Block count 1
      Peak Allocated bytes 9.8 MB
    [ALLOC_GFX_MAIN]
      Peak usage frame count: [8.0 MB-16.0 MB]: 4 frames
      Requested Block Size 16.0 MB
      Peak Block count 1
      Peak Allocated memory 11.3 MB
      Peak Large allocation bytes 0 B
    [ALLOC_GFX_THREAD]
      Peak usage frame count: [128.0 KB-256.0 KB]: 4 frames
      Requested Block Size 16.0 MB
      Peak Block count 1
      Peak Allocated memory 137.4 KB
      Peak Large allocation bytes 0 B
[ALLOC_CACHEOBJECTS] Dual Thread Allocator
  Peak main deferred allocation count 181
    [ALLOC_BUCKET]
      Large Block size 32.0 MB
      Used Block count 1
      Peak Allocated bytes 9.8 MB
    [ALLOC_CACHEOBJECTS_MAIN]
      Peak usage frame count: [16.0 MB-32.0 MB]: 3 frames, [32.0 MB-64.0 MB]: 1 frames
      Requested Block Size 4.0 MB
      Peak Block count 10
      Peak Allocated memory 33.2 MB
      Peak Large allocation bytes 14.8 MB
    [ALLOC_CACHEOBJECTS_THREAD]
      Peak usage frame count: [0-1.0 KB]: 3 frames, [128.0 KB-256.0 KB]: 1 frames
      Requested Block Size 4.0 MB
      Peak Block count 1
      Peak Allocated memory 139.1 KB
      Peak Large allocation bytes 0 B
[ALLOC_TYPETREE] Dual Thread Allocator
  Peak main deferred allocation count 497
    [ALLOC_BUCKET]
      Large Block size 32.0 MB
      Used Block count 1
      Peak Allocated bytes 9.8 MB
    [ALLOC_TYPETREE_MAIN]
      Peak usage frame count: [1.0 MB-2.0 MB]: 3 frames, [8.0 MB-16.0 MB]: 1 frames
      Requested Block Size 2.0 MB
      Peak Block count 7
      Peak Allocated memory 12.0 MB
      Peak Large allocation bytes 0 B
    [ALLOC_TYPETREE_THREAD]
      Peak usage frame count: [4.0 KB-8.0 KB]: 3 frames, [8.0 KB-16.0 KB]: 1 frames
      Requested Block Size 2.0 MB
      Peak Block count 1
      Peak Allocated memory 13.4 KB
      Peak Large allocation bytes 0 B
[ALLOC_PROFILER]
  Peak usage frame count: [0.5 MB-1.0 MB]: 4 frames
  Requested Block Size 16.0 MB
  Peak Block count 1
  Peak Allocated memory 0.5 MB
  Peak Large allocation bytes 0 B
    [ALLOC_PROFILER_BUCKET]
      Large Block size 32.0 MB
      Used Block count 1
      Peak Allocated bytes 4.3 KB
[ALLOC_PROFILER_EDITOR]
  Peak usage frame count: [0-1.0 KB]: 4 frames
  Requested Block Size 1.0 MB
  Peak Block count 0
  Peak Allocated memory 0 B
  Peak Large allocation bytes 0 B
    [ALLOC_PROFILER_BUCKET]
      Large Block size 32.0 MB
      Used Block count 1
      Peak Allocated bytes 4.3 KB
##utp:{"type":"MemoryLeaks","version":2,"phase":"Immediate","time":1790279675872,"processId":13524,"allocatedMemory":15394978,"memoryLabels":[{"Default":20431},{"Permanent":15615},{"NewDelete":81168},{"Thread":4229076},{"Manager":29119},{"VertexData":12},{"Geometry":560},{"Texture":176},{"Shader":68828},{"Material":24},{"GfxDevice":57048},{"Animation":296},{"Audio":3928},{"FontEngine":272},{"Physics":513},{"Serialization":948},{"Input":14744},{"JobScheduler":33008},{"Mono":40},{"ScriptingNativeRuntime":191848},{"BaseObject":1627276},{"Resource":1360},{"Renderer":2304},{"Transform":16},{"File":15469},{"WebCam":96},{"Culling":40},{"Terrain":1137},{"Wind":24},{"STL":48},{"String":15221},{"DynamicArray":69598},{"HashMap":105400},{"Utility":2661722},{"Curl":1424},{"PoolAlloc":1728},{"AI":104},{"TypeTree":5077},{"ScriptManager":640},{"RuntimeInitializeOnLoadManager":80},{"SpriteAtlas":128},{"GI":4312},{"Director":7960},{"CloudService":352},{"WebRequest":688},{"VR":46081},{"SceneManager":568},{"Video":72},{"LazyScriptCache":40},{"NativeArray":12},{"Camera":25},{"Secure":1},{"SerializationCache":1584},{"APIUpdating":11872},{"Subsystems":392},{"VirtualTexturing":57896},{"StaticSafetyDebugInfo":327680},{"EditorGui":736},{"EditorUtility":99927},{"VersionControl":4},{"Undo":704},{"AssetDatabase":5529702},{"RestService":424},{"EditorGi":376},{"License":3584},{"UnityConnect":25568},{"Collab":593},{"Upm":2032},{"DrivenProperties":96},{"LocalIPC":276},{"ProfilerEditor":10943},{"CoreBusinessMetrics":3852},{"AssetReference":40},{"IPCStream":40}]}
